Sample,Taxon,Population,Country,Specific.Locality,Sample.Number,Latitude,Longitude,Genbank,Citation,loc_3_1,loc_3_2,loc_12_1,loc_12_2,loc_26_1,loc_26_2,loc_27_1,loc_27_2,loc_34_1,loc_34_2,loc_43_1,loc_43_2,loc_55_1,loc_55_2,loc_56_1,loc_56_2,loc_66_1,loc_66_2,loc_78_1,loc_78_2,loc_c139_1,loc_c139_2,loc_c162_1,loc_c162_2,loc_c233_1,loc_c233_2,loc_c142_1,loc_c142_2
Ccaffra1p1A,Cossypha caffra caffra,SouthAfrica_EasternCape,South Africa,"Eastern Cape, 10 kms Port St Johns",JF-892,-31.6056,29.55,MT003346,Wogan et al. 2020,320,324,374,374,317,329,348,348,119,123,287,291,319,315,222,230,292,312,222,230,317,317,252,280,102,102,174,174
Ccaffra3p1G,Cossypha caffra caffra,SouthAfrica_EasternCape,South Africa,"Eastern Cape, 12 Levy Street, Aliwal North",BH-72833,-30.68333333,26.7,MT003468,Wogan et al. 2020,304,320,382,382,333,349,340,344,99,115,287,319,307,311,202,266,312,317,202,266,329,329,224,256,94,102,174,186
Ccaffra3p1H,Cossypha caffra caffra,SouthAfrica_EasternCape,South Africa,"Eastern Cape, 12 Levy Street, Aliwal North",BH-72838,-30.68333333,26.7,MT003467,Wogan et al. 2020,316,316,398,398,341,349,340,340,115,135,295,295,286,303,206,262,317,317,206,262,321,325,240,280,94,102,174,190
Ccaffra1p1B,Cossypha caffra caffra,SouthAfrica_EasternCape,South Africa,"Eastern Cape, 50 kms North of Bloemfontein, Kalkwal Farm",JF-1182,-28.8336,26.1881,na,Wogan et al. 2020,316,320,390,390,329,357,340,352,115,135,287,299,315,319,202,266,312,312,202,266,325,329,252,276,-9,-9,174,174
Ccaffra1p1C,Cossypha caffra caffra,SouthAfrica_EasternCape,South Africa,"Eastern Cape, 50 kms North of Bloemfontein, Kalkwal Farm",JF-1192,-28.8336,26.1881,MT003324,Wogan et al. 2020,316,320,382,382,341,361,340,344,99,119,295,328,303,363,202,258,312,317,202,258,325,329,256,256,94,102,174,190
Ccaffra2p12C,Cossypha caffra caffra,SouthAfrica_EasternCape,South Africa,"Eastern Cape, Ackermanskraal, Aliwal North",BH-72830,-30.66666667,26.61666667,MT003505,Wogan et al. 2020,304,320,370,386,317,353,340,352,115,127,283,295,286,315,238,270,312,337,238,270,333,333,252,252,106,106,178,178
Ccaffra2p12E,Cossypha caffra caffra,SouthAfrica_EasternCape,South Africa,"Eastern Cape, Ackermanskraal, Aliwal North",BH-72836,-30.7,26.7,MT003530,Wogan et al. 2020,320,320,362,362,321,373,340,348,91,119,271,299,295,307,210,210,317,317,210,210,317,321,252,252,98,98,174,174
Ccaffra3p1C,Cossypha caffra caffra,SouthAfrica_EasternCape,South Africa,"Eastern Cape, Ackermanskraal, Aliwal North",BH-72832,-30.65,26.53333333,MT003335,Wogan et al. 2020,316,336,386,390,341,341,340,344,123,127,287,327,311,311,250,266,292,322,250,266,325,329,280,280,-9,-9,178,178
Ccaffra3p1D,Cossypha caffra caffra,SouthAfrica_EasternCape,South Africa,"Eastern Cape, Ackermanskraal, Aliwal North",BH-72829,-30.66666667,26.61666667,MT003412,Wogan et al. 2020,320,324,390,390,345,349,320,340,91,135,287,315,303,323,186,230,302,312,186,230,321,321,268,268,98,98,170,174
Ccaffra3p4B,Cossypha caffra caffra,SouthAfrica_EasternCape,South Africa,"Eastern Cape, Ackermanskraal, Aliwal North",BE-55713,-30.67019,26.631,MT003512,Wogan et al. 2020,316,316,386,390,305,353,320,340,123,127,287,295,307,315,246,262,312,327,246,262,321,325,260,268,98,98,170,170
Ccaffra1p1D,Cossypha caffra caffra,SouthAfrica_EasternCape,South Africa,"Eastern Cape, Akermanskraal, Aliwal North",G0-141,-30.6667,26.6167,MT003331,Wogan et al. 2020,312,324,382,382,353,377,344,348,119,127,291,315,311,315,206,230,302,317,206,258,321,321,224,224,94,94,178,186
Ccaffra1p1E,Cossypha caffra caffra,SouthAfrica_EasternCape,South Africa,"Eastern Cape, Akermanskraal, Aliwal North",GO144,-30.6667,26.6167,MT003526,Wogan et al. 2020,316,320,378,378,317,361,344,436,127,143,291,332,315,315,210,222,312,352,210,222,325,325,252,252,94,94,174,194
Ccaffra1p1F,Cossypha caffra caffra,SouthAfrica_EasternCape,South Africa,"Eastern Cape, Akermanskraal, Aliwal North",GO-145,-30.6667,26.6167,MT003557,Wogan et al. 2020,316,316,390,394,349,361,340,340,115,127,283,295,295,315,210,254,302,312,210,254,317,321,272,272,94,94,186,202
Ccaffra1p1G,Cossypha caffra caffra,SouthAfrica_EasternCape,South Africa,"Eastern Cape, Aliwal North",JF1105,-30.6981,26.6842,MT003414,Wogan et al. 2020,304,316,362,362,305,361,344,348,127,127,295,303,315,315,210,234,307,317,210,234,325,325,276,276,-9,-9,174,174
Ccaffra1p1H,Cossypha caffra caffra,SouthAfrica_EasternCape,South Africa,"Eastern Cape, Aliwal North",JF-1110,-30.6981,26.6842,MT003402,Wogan et al. 2020,320,336,362,362,349,353,340,436,131,139,295,315,307,315,230,234,292,307,230,234,329,329,256,250,94,106,174,178
Ccaffra1p2A,Cossypha caffra caffra,SouthAfrica_EasternCape,South Africa,"Eastern Cape, Aliwal North",JF1079,-30.6981,26.6842,MT003343,Wogan et al. 2020,320,320,362,386,345,349,340,344,91,99,287,315,311,315,206,242,307,322,206,242,321,321,236,260,94,94,174,174
Ccaffra1p2B,Cossypha caffra caffra,SouthAfrica_EasternCape,South Africa,"Eastern Cape, Aliwal North",JF-1100,-30.6981,26.6842,MT003440,Wogan et al. 2020,308,308,394,402,341,353,340,344,131,131,283,291,311,323,194,250,292,302,194,250,317,321,260,260,94,94,174,186
Ccaffra1p2C,Cossypha caffra caffra,SouthAfrica_EasternCape,South Africa,"Eastern Cape, Badfontein Farm, Aliwal North",GO-127,-30.6567,26.5469,MT003423,Wogan et al. 2020,316,316,386,398,349,353,336,340,123,127,311,319,286,311,186,190,327,332,186,190,325,325,252,288,94,102,174,174
Ccaffra1p2D,Cossypha caffra caffra,SouthAfrica_EasternCape,South Africa,"Eastern Cape, Badfontein Farm, Aliwal North",GO-128,-30.6567,26.5469,MT003441,Wogan et al. 2020,316,324,390,390,349,361,344,356,119,123,295,315,286,311,210,246,312,342,210,246,325,325,280,280,94,94,174,178
Ccaffra1p2E,Cossypha caffra caffra,SouthAfrica_EasternCape,South Africa,"Eastern Cape, Cape St Francis",JF-493,-34.0089,25.3556,na,Wogan et al. 2020,308,312,394,394,353,357,340,344,99,99,283,307,307,307,190,234,312,322,190,234,329,329,272,272,98,114,174,190
Ccaffra1p2F,Cossypha caffra caffra,SouthAfrica_EasternCape,South Africa,"Eastern Cape, Cape St Francis",JF-495,-34.0089,25.3556,MT003550,Wogan et al. 2020,324,324,378,390,361,373,344,344,115,123,283,287,303,303,186,234,307,312,186,234,317,329,252,268,94,98,174,174
Ccaffra1p2G,Cossypha caffra caffra,SouthAfrica_EasternCape,South Africa,"Eastern Cape, Cape St Francis",JF-499,-34.0089,25.3556,MT003522,Wogan et al. 2020,320,320,382,382,321,341,340,340,123,135,291,291,315,315,254,254,312,317,254,254,317,325,272,276,94,110,170,174
Ccaffra1p2H,Cossypha caffra caffra,SouthAfrica_EasternCape,South Africa,"Eastern Cape, Cape St Francis",JF-505,-34.0089,25.3556,MT003513,Wogan et al. 2020,304,304,378,386,317,341,340,348,127,131,287,291,307,323,190,190,312,322,190,190,321,321,248,280,94,98,174,186
Ccaffra1p3A,Cossypha caffra caffra,SouthAfrica_EasternCape,South Africa,"Eastern Cape, Kasouga",JF-571,-33.6483,26.7711,MT003458,Wogan et al. 2020,316,320,362,382,317,325,344,428,123,135,291,291,315,315,222,258,302,302,222,258,321,337,244,276,94,102,170,178
Ccaffra1p3B,Cossypha caffra caffra,SouthAfrica_EasternCape,South Africa,"Eastern Cape, Kasouga",JF-579,-33.6483,26.7711,MT003483,Wogan et al. 2020,316,316,390,390,353,353,344,452,99,127,279,279,286,311,186,250,312,312,186,250,329,329,252,268,98,98,170,178
Ccaffra1p3C,Cossypha caffra caffra,SouthAfrica_EasternCape,South Africa,"Eastern Cape, Kasouga",JF-593,-33.6483,26.7711,MT003553,Wogan et al. 2020,316,320,362,362,337,349,336,344,91,119,287,315,311,311,186,262,292,302,186,262,321,329,248,268,94,94,174,194
Ccaffra1p3D,Cossypha caffra caffra,SouthAfrica_EasternCape,South Africa,"Eastern Cape, Kasouga",JF-602,-33.6483,26.7711,MT003560,Wogan et al. 2020,320,320,362,390,349,353,336,344,95,119,287,287,311,311,202,210,292,292,202,210,321,329,248,248,94,94,170,174
Ccaffra1p3E,Cossypha caffra caffra,SouthAfrica_EasternCape,South Africa,"Eastern Cape, Kasouga",JF-604,-33.6483,26.7711,MT003389,Wogan et al. 2020,316,316,398,398,317,317,344,354,91,103,283,299,286,311,226,246,312,312,226,246,321,321,280,280,90,98,174,190
Ccaffra1p3F,Cossypha caffra caffra,SouthAfrica_EasternCape,South Africa,"Eastern Cape, Kasouga",JF-612,-33.6483,26.7711,na,Wogan et al. 2020,304,336,386,386,345,349,340,416,91,131,279,291,307,323,206,250,312,322,206,250,325,325,272,272,90,106,186,198
Ccaffra1p3G,Cossypha caffra caffra,SouthAfrica_EasternCape,South Africa,"Eastern Cape, Kasouga",JF-627,-33.6483,26.7711,MT003547,Wogan et al. 2020,304,316,362,362,329,349,336,376,95,99,287,307,286,286,226,262,317,317,226,262,325,325,248,248,94,94,170,178
Ccaffra1p3H,Cossypha caffra caffra,SouthAfrica_EasternCape,South Africa,"Eastern Cape, Kasouga",JF-629,-33.6483,26.7711,MT003465,Wogan et al. 2020,316,320,378,394,313,337,344,348,91,99,287,315,311,311,230,262,302,312,230,262,321,321,268,268,94,98,174,194
Ccaffra1p4A,Cossypha caffra caffra,SouthAfrica_EasternCape,South Africa,"Eastern Cape, Kasouga",JF-634,-33.6483,26.7711,MT003301,Wogan et al. 2020,316,316,390,390,349,357,340,448,91,99,287,291,311,315,222,262,317,352,222,262,325,329,248,248,98,102,178,186
Ccaffra1p4B,Cossypha caffra caffra,SouthAfrica_EasternCape,South Africa,"Eastern Cape, Kasouga",JF-635,-33.6483,26.7711,MT003302,Wogan et al. 2020,304,320,362,394,349,353,344,344,91,95,283,299,311,315,202,262,312,352,202,262,321,325,248,248,110,110,186,186
Ccaffra1p4C,Cossypha caffra caffra,SouthAfrica_EasternCape,South Africa,"Eastern Cape, Kasouga",JF-660,-33.6483,26.7711,MT003391,Wogan et al. 2020,312,332,394,394,345,349,348,416,91,123,283,328,311,311,226,250,312,327,226,250,317,325,248,248,110,110,190,190
Ccaffra1p4D,Cossypha caffra caffra,SouthAfrica_EasternCape,South Africa,"Eastern Cape, Kasouga",JF-667,-33.6483,26.7711,MT003549,Wogan et al. 2020,316,320,386,386,341,365,340,344,91,127,295,319,303,307,234,234,302,312,234,234,321,321,268,280,94,94,190,194
Ccaffra1p4E,Cossypha caffra caffra,SouthAfrica_EasternCape,South Africa,"Eastern Cape, Kasouga",JF-630,-33.6483,26.7711,MT003548,Wogan et al. 2020,312,324,390,390,333,361,340,348,99,99,279,295,311,311,218,222,312,322,218,222,321,321,260,260,94,98,178,186
Ccaffra1p4F,Cossypha caffra caffra,SouthAfrica_EasternCape,South Africa,"Eastern Cape, Kasouga",JF-632,-33.6483,26.7711,MT003462,Wogan et al. 2020,304,304,390,394,333,349,344,344,95,119,287,299,311,315,202,210,292,317,202,210,321,325,248,252,94,94,170,186
Ccaffra1p4G,Cossypha caffra caffra,SouthAfrica_EasternCape,South Africa,"Eastern Cape, Kleine Monde, close to Kasouga",JF-1291 / FA-90304,-33.648,26.7711,MT003527,Wogan et al. 2020,312,316,378,390,333,337,340,428,91,99,279,283,311,323,238,250,302,307,238,250,309,309,248,272,98,102,178,186
Ccaffra1p4H,Cossypha caffra caffra,SouthAfrica_EasternCape,South Africa,"Eastern Cape, Morgans Bay",JF-680,-32.6881,28.4308,MT003534,Wogan et al. 2020,316,316,382,386,329,353,344,344,99,127,287,295,311,319,222,234,312,317,222,234,321,321,244,244,94,102,170,186
Ccaffra1p5A,Cossypha caffra caffra,SouthAfrica_EasternCape,South Africa,"Eastern Cape, Morgans Bay",JF-751,-32.6881,28.4308,MT003350,Wogan et al. 2020,320,324,390,390,345,353,340,440,91,99,279,283,311,315,230,274,317,337,230,274,321,321,272,272,98,98,174,182
Ccaffra1p5B,Cossypha caffra caffra,SouthAfrica_EasternCape,South Africa,"Eastern Cape, Morgans Bay",JF-1281 / FA-90309,-32.6881,28.4308,na,Wogan et al. 2020,348,348,382,382,329,329,364,364,119,127,286,367,315,315,206,210,272,272,206,210,329,333,240,256,110,118,202,206
Ccaffra1p5C,Cossypha caffra caffra,SouthAfrica_EasternCape,South Africa,"Eastern Cape, Stead Farm, 20 kms off Tarkastdt",JF-823,-32.0394,26.2933,MT003305,Wogan et al. 2020,324,324,406,406,337,353,340,340,131,131,283,295,303,311,254,262,312,317,254,262,301,325,272,272,94,98,186,186
Ccaffra1p5D,Cossypha caffra caffra,SouthAfrica_EasternCape,South Africa,"Eastern Cape, Stead Farm, 20 kms off Tarkastdt",JF-836,-32.0394,26.2933,MT003504,Wogan et al. 2020,304,320,386,386,325,345,340,348,91,91,283,287,299,315,214,238,307,317,214,238,325,325,252,260,-9,-9,178,182
Ccaffra1p5E,Cossypha caffra caffra,SouthAfrica_EasternCape,South Africa,"Eastern Cape, Stead Farm, 20 kms off Tarkastdt",JF-840,-32.0394,26.2933,MT003502,Wogan et al. 2020,316,320,386,390,353,361,344,348,99,135,260,291,295,315,250,254,312,312,250,254,321,325,260,260,102,102,170,186
Ccaffra1p5F,Cossypha caffra caffra,SouthAfrica_EasternCape,South Africa,"Eastern Cape, Stead Farm, 20 kms off Tarkastdt",JF-852,-32.0394,26.2933,MT003492,Wogan et al. 2020,324,324,398,398,349,353,336,340,99,131,279,287,286,311,198,274,302,347,198,274,325,325,220,220,90,110,174,186
Ccaffra1p5G,Cossypha caffra caffra,SouthAfrica_EasternCape,South Africa,"Eastern Cape, Stead Farm, 20 kms off Tarkastdt",JF-854,-32.0394,26.2933,MT003313,Wogan et al. 2020,304,304,362,398,329,341,336,348,91,127,287,287,319,319,226,278,312,312,226,278,321,325,256,256,90,98,174,178
Ccaffra1p5H,Cossypha caffra caffra,SouthAfrica_EasternCape,South Africa,"Eastern Cape, Stead Farm, 20 kms off Tarkastdt",JF-857,-32.0394,26.2933,MT003542,Wogan et al. 2020,316,336,378,386,333,353,348,412,91,131,283,291,315,315,250,266,312,327,250,266,321,321,272,272,94,98,178,190
Ccaffra1p6A,Cossypha caffra caffra,SouthAfrica_EasternCape,South Africa,"Eastern Cape, Stead Farm, 20 kms off Tarkastdt",JF-862,-32.0394,26.2933,MT003312,Wogan et al. 2020,316,324,386,386,333,337,344,344,111,131,287,287,307,307,210,226,312,317,210,226,321,329,248,248,94,98,170,178
Ccaffra1p6B,Cossypha caffra caffra,SouthAfrica_EasternCape,South Africa,"Eastern Cape, Stead Farm, 20 kms off Tarkastdt",JF-865,-32.0394,26.2933,MT003388,Wogan et al. 2020,320,320,378,378,349,361,344,344,91,99,287,295,303,303,206,246,317,317,206,246,321,329,252,264,94,102,170,182
Ccaffra1p6C,Cossypha caffra caffra,SouthAfrica_EasternCape,South Africa,"Eastern Cape, Stead Farm, 20 kms off Tarkastdt",JF-877,-32.0394,26.2933,MT003477,Wogan et al. 2020,304,304,378,390,345,349,336,348,123,135,283,287,303,311,222,256,317,317,222,258,325,341,272,280,94,94,174,178
Ccaffra1p6D,Cossypha caffra caffra,SouthAfrica_EasternCape,South Africa,"Eastern Cape, Stead Farm, 20 kms off Tarkastdt",JF-880,-32.0394,26.2933,MT003397,Wogan et al. 2020,316,316,382,398,333,341,344,344,123,135,287,299,315,319,210,234,312,312,210,234,325,325,252,252,94,94,174,178
Ccaffra1p6E,Cossypha caffra caffra,SouthAfrica_EasternCape,South Africa,"Eastern Cape, Stead Farm, 20 kms off Tarkastdt",JF-883,-32.0394,26.2933,MT003469,Wogan et al. 2020,312,316,386,394,341,341,344,348,91,99,279,287,323,323,222,250,312,312,222,250,317,325,276,280,110,110,170,178
Ccaffra1p6F,Cossypha caffra caffra,SouthAfrica_EasternCape,South Africa,"Eastern Cape, Stead Farm, 20 kms off Tarkastdt",JF-1275 / FA-90321,-32.0394,26.2933,MT003463,Wogan et al. 2020,328,328,386,386,353,353,340,420,91,139,287,299,307,323,246,266,312,327,246,266,321,329,236,236,94,98,178,194
Ccaffra1p6G,Cossypha caffra caffra,SouthAfrica_EasternCape,South Africa,"Eastern Cape, Stead Farm, 20 kms off Tarkastdt",JF-858,-32.0394,26.2933,MT003298,Wogan et al. 2020,320,324,386,386,345,349,332,356,99,123,283,315,286,311,206,246,307,347,206,246,317,321,272,272,94,94,174,190
Ccaffra1p6H,Cossypha caffra caffra,SouthAfrica_EasternCape,South Africa,"Eastern Cape, Stead Farm, 20 kms off Tarkastdt",JF-860,-32.0394,26.2933,MT003555,Wogan et al. 2020,320,324,362,378,349,349,336,340,91,131,307,307,299,315,186,222,312,312,186,222,321,321,220,220,106,106,170,186
Ccaffra1p7A,Cossypha caffra caffra,SouthAfrica_EasternCape,South Africa,"Eastern Cape, Stead Farm, 20 kms off Tarkastdt",JF-886,-32.0394,26.2933,MT003431,Wogan et al. 2020,316,324,398,398,345,349,340,344,91,123,279,295,295,335,230,258,317,322,230,258,325,325,272,276,90,94,174,186
Ccaffra1p7B,Cossypha caffra caffra,SouthAfrica_EasternCape,South Africa,"Eastern Cape, Table Farm, 15 kms out of Grahamstown",JF-525,-33.2983,26.5361,MT003444,Wogan et al. 2020,336,336,386,394,317,345,344,344,123,135,287,295,303,315,206,266,317,322,206,266,321,321,264,264,94,98,182,186
Ccaffra1p7C,Cossypha caffra caffra,SouthAfrica_EasternCape,South Africa,"Eastern Cape, Table Farm, 15 kms out of Grahamstown",JF-532,-33.2983,26.5361,MT003428,Wogan et al. 2020,316,320,390,390,317,325,340,344,99,127,287,291,303,311,186,230,312,347,186,230,321,321,272,280,98,102,182,186
Ccaffra1p7D,Cossypha caffra caffra,SouthAfrica_EasternCape,South Africa,"Eastern Cape, Table Farm, 15 kms out of Grahamstown",JF-549,-33.2983,26.5361,MT003407,Wogan et al. 2020,304,320,390,394,349,361,344,344,91,99,287,287,286,311,206,246,312,312,206,246,321,321,252,252,94,98,170,170
Ccaffra1p7E,Cossypha caffra caffra,SouthAfrica_EasternCape,South Africa,"Eastern Cape, Table Farm, 15 kms out of Grahamstown",JF-553,-33.2983,26.5361,MT003396,Wogan et al. 2020,324,324,382,390,349,349,354,380,91,127,287,315,286,303,202,238,312,317,202,238,309,325,268,268,94,94,178,190
Ccaffra1p7F,Cossypha caffra caffra,SouthAfrica_EasternCape,South Africa,"Eastern Cape, Table Farm, 15 kms out of Grahamstown",JF-556,-33.2983,26.5361,MT003366,Wogan et al. 2020,312,320,398,398,325,329,348,352,91,127,279,295,315,319,230,254,292,327,230,254,325,325,276,276,98,98,174,186
Ccaffra1p7G,Cossypha caffra caffra,SouthAfrica_EasternCape,South Africa,"Eastern Cape, Table Farm, 15 kms out of Grahamstown",JF-559,-33.2983,26.5361,MT003387,Wogan et al. 2020,316,320,362,362,349,353,344,344,91,91,287,295,290,311,238,254,312,322,238,254,325,325,268,272,98,98,174,178
Ccaffra1p7H,Cossypha caffra caffra,SouthAfrica_EasternCape,South Africa,"Eastern Cape, Table Farm, 15 kms out of Grahamstown",JF-534,-33.2983,26.5361,MT003443,Wogan et al. 2020,312,316,370,370,345,353,320,320,119,131,287,291,286,286,202,242,317,317,202,202,321,325,256,260,94,102,174,174
Ccaffra1p8A,Cossypha caffra caffra,SouthAfrica_EasternCape,South Africa,"Eastern Cape, Table Farm, 15 kms out of Grahamstown",JF-536,-33.2983,26.5361,MT003325,Wogan et al. 2020,316,316,398,398,349,349,344,344,115,131,271,283,286,315,186,250,312,312,186,250,321,321,280,280,98,98,170,190
Ccaffra3p3A,Cossypha caffra caffra,SouthAfrica_EasternCape,South Africa,"Eastern Cape, Tasmania, Jamestown",BH-72823,-31.02667,26.96884,MT003382,Wogan et al. 2020,304,316,394,394,341,349,348,348,91,115,267,303,307,311,186,230,277,312,186,230,321,325,224,224,98,98,174,178
Ccaffra3p3C,Cossypha caffra caffra,SouthAfrica_EasternCape,South Africa,"Eastern Cape, Tasmania, Jamestown",BH-72824,-31.02667,26.96884,MT003360,Wogan et al. 2020,316,316,378,378,349,361,340,348,91,91,279,307,311,327,186,222,317,317,186,222,321,321,224,276,90,94,190,190
Ccaffra3p3H,Cossypha caffra caffra,SouthAfrica_EasternCape,South Africa,"Eastern Cape, Tasmania, Jamestown",BH-72804,-31.02667,26.96884,MT003311,Wogan et al. 2020,320,320,390,390,325,345,344,432,91,115,279,319,307,307,202,226,317,317,202,226,317,317,272,252,94,94,182,186
Ccaffra3p4A,Cossypha caffra caffra,SouthAfrica_EasternCape,South Africa,"Eastern Cape, Tasmania, Jamestown",BH-72807,-31.02667,26.96884,MT003499,Wogan et al. 2020,320,324,386,386,341,349,340,348,91,127,287,303,319,319,190,242,317,317,190,242,321,329,232,232,102,102,174,182
Ccaffra3p4D,Cossypha caffra caffra,SouthAfrica_EasternCape,South Africa,"Eastern Cape, Tasmania, Jamestown",BH-72821,-31.02667,26.96884,MT003558,Wogan et al. 2020,320,320,386,386,357,377,340,340,91,135,287,287,286,315,250,258,312,317,250,258,313,313,284,284,90,102,174,190
Ccaffra1p8B,Cossypha caffra caffra,SouthAfrica_FreeState,South Africa,"Free State, 50 kms North of Bloemfontein, Kalkwal Farm",JF-1116,-28.8336,26.1881,MT003455,Wogan et al. 2020,316,320,370,370,349,349,336,348,91,99,287,315,303,315,206,206,337,337,206,206,321,321,232,252,-9,-9,174,178
Ccaffra1p8C,Cossypha caffra caffra,SouthAfrica_FreeState,South Africa,"Free State, 50 kms North of Bloemfontein, Kalkwal Farm",JF-1119,-28.8336,26.1881,MT003445,Wogan et al. 2020,316,316,374,374,337,353,340,340,127,127,291,319,307,315,186,206,302,322,186,206,325,325,276,276,-9,-9,174,174
Ccaffra1p8D,Cossypha caffra caffra,SouthAfrica_FreeState,South Africa,"Free State, 50 kms North of Bloemfontein, Kalkwal Farm",JF-1135,-28.8336,26.1881,na,Wogan et al. 2020,304,320,382,382,329,345,344,344,123,123,287,319,311,311,258,258,287,317,258,258,321,321,276,288,-9,-9,170,178
Ccaffra1p8E,Cossypha caffra caffra,SouthAfrica_FreeState,South Africa,"Free State, 50 kms North of Bloemfontein, Kalkwal Farm",JF-1138,-28.8336,26.1881,MT003317,Wogan et al. 2020,320,344,362,370,325,341,344,344,99,127,287,287,286,319,222,262,317,332,222,262,325,325,276,276,94,106,178,194
Ccaffra1p8F,Cossypha caffra caffra,SouthAfrica_FreeState,South Africa,"Free State, 50 kms North of Bloemfontein, Kalkwal Farm",JF-1142,-28.8336,26.1881,MT003453,Wogan et al. 2020,316,336,382,382,317,365,340,344,119,143,283,291,307,311,230,262,292,337,230,262,325,325,276,276,98,98,174,186
Ccaffra1p8G,Cossypha caffra caffra,SouthAfrica_FreeState,South Africa,"Free State, 50 kms North of Bloemfontein, Kalkwal Farm",JF-1151,-28.8336,26.1881,MT003315,Wogan et al. 2020,304,316,362,386,357,357,312,336,127,127,315,315,311,359,206,250,327,342,206,250,325,325,252,252,94,94,170,186
Ccaffra1p8H,Cossypha caffra caffra,SouthAfrica_FreeState,South Africa,"Free State, 50 kms North of Bloemfontein, Kalkwal Farm",JF-1207,-28.8336,26.1881,MT003408,Wogan et al. 2020,304,312,390,390,325,333,344,348,119,127,319,319,295,303,210,210,332,332,210,210,317,325,248,252,98,98,178,178
Ccaffra1p9A,Cossypha caffra caffra,SouthAfrica_FreeState,South Africa,"Free State, 50 kms North of Bloemfontein, Kalkwal Farm",JF-1212,-28.8336,26.1881,MT003351,Wogan et al. 2020,316,320,382,386,349,361,340,344,119,131,295,307,315,363,202,206,312,317,202,206,325,325,256,256,102,102,194,194
Ccaffra1p9B,Cossypha caffra caffra,SouthAfrica_FreeState,South Africa,"Free State, 50 kms North of Bloemfontein, Kalkwal Farm",JF-1214,-28.8336,26.1881,MT003410,Wogan et al. 2020,316,320,370,390,317,349,340,344,123,139,279,291,315,315,242,250,292,332,242,250,317,329,244,260,-9,90,178,178
Ccaffra1p9C,Cossypha caffra caffra,SouthAfrica_FreeState,South Africa,"Free State, 50 kms North of Bloemfontein, Kalkwal Farm",JF-1216,-28.8336,26.1881,MT003486,Wogan et al. 2020,320,320,370,390,317,341,340,344,135,139,279,291,303,303,198,250,302,332,198,250,329,329,256,256,-9,-9,178,178
Ccaffra3p3F,Cossypha caffra caffra,SouthAfrica_FreeState,South Africa,"Free State, Badfontein, Rouxville",BE-55720,-30.65725,26.54752,MT003535,Wogan et al. 2020,316,320,382,382,329,365,344,420,131,135,287,319,311,315,230,254,312,317,230,254,321,325,256,260,94,94,174,174
Ccaffra3p3G,Cossypha caffra caffra,SouthAfrica_FreeState,South Africa,"Free State, Badfontein, Rouxville",BE-55721,-30.65725,26.54752,MT003521,Wogan et al. 2020,324,324,366,366,313,341,340,340,119,123,291,307,303,307,198,254,312,317,198,254,321,321,252,252,94,94,174,178
Ccaffra3p4C,Cossypha caffra caffra,SouthAfrica_FreeState,South Africa,"Free State, Badfontein, Rouxville",BE-55719,-30.65725,26.54752,MT003353,Wogan et al. 2020,316,324,390,390,349,353,344,356,119,123,295,315,286,311,210,246,312,342,210,246,325,325,280,280,94,94,174,178
Ccaffra2p12B,Cossypha caffra caffra,SouthAfrica_FreeState,South Africa,"Free State, Bramleyshoek, Clarens",BE-21925,-28.43333333,28.51666667,MT003334,Wogan et al. 2020,316,320,398,398,329,349,340,348,119,131,291,291,311,311,190,214,302,317,190,214,325,325,268,268,98,98,174,178
Ccaffra3p4E,Cossypha caffra caffra,SouthAfrica_FreeState,South Africa,"Free State, Bramleyshoek, Clarens",BE-21926,-28.43333333,28.51666667,na,Wogan et al. 2020,320,320,398,410,317,325,344,348,95,131,287,311,286,323,186,256,312,312,186,258,321,329,276,276,98,98,174,178
Ccaffra1p9E,Cossypha caffra caffra,SouthAfrica_FreeState,South Africa,"Free State, Denmark, Rouxville",BD-81371,-30.5667,26.7833,MT003383,Wogan et al. 2020,316,320,386,390,329,345,344,344,123,123,295,303,315,315,218,254,322,322,218,254,325,325,264,264,90,90,174,194
Ccaffra1p9F,Cossypha caffra caffra,SouthAfrica_FreeState,South Africa,"Free State, Denmark, Rouxville",BD-81367,-30.5667,26.7833,MT003432,Wogan et al. 2020,320,320,382,386,349,349,348,348,91,135,283,299,311,319,234,250,302,317,234,250,329,329,260,260,-9,-9,170,178
Ccaffra1p9G,Cossypha caffra caffra,SouthAfrica_FreeState,South Africa,"Free State, Denmark, Rouxville",BD-81370,-30.5667,26.7833,MT003471,Wogan et al. 2020,304,312,378,382,337,349,344,416,127,131,279,287,307,315,238,250,302,317,238,250,321,325,260,288,106,106,170,174
Ccaffra3p4F,Cossypha caffra caffra,SouthAfrica_FreeState,South Africa,"Free State, Denmark, Rouxville",FA-76213,-30.5667,26.7833,na,Wogan et al. 2020,312,320,386,386,345,353,340,340,131,135,287,303,307,315,234,238,312,317,234,238,321,329,268,268,-9,-9,174,174
Ccaffra1p10F,Cossypha caffra caffra,SouthAfrica_FreeState,South Africa,"Free State, General Cronje Str, Oliewenhuis, Franklin G.R., Bloemfontein",BH-72834,-29.1,26.21666667,MT003427,Wogan et al. 2020,320,320,378,386,345,345,312,340,131,131,283,295,307,315,198,210,312,317,198,210,325,325,248,248,98,98,178,186
Ccaffra4p10B,Cossypha caffra caffra,SouthAfrica_FreeState,South Africa,"Free State, Harrismith District, Geluksdal Farm",MSB_39264 [177176],-27.89973333,29.40533333,MT003420,Wogan et al. 2020,320,320,390,390,321,337,336,336,131,131,279,287,311,315,226,242,322,327,-9,-9,329,333,252,252,98,110,174,194
Ccaffra4p10G,Cossypha caffra caffra,SouthAfrica_FreeState,South Africa,"Free State, Harrismith District, Geluksdal Farm",MSB_39265 [177145],-27.90135,29.3939,MT003425,Wogan et al. 2020,316,320,390,390,321,329,336,344,91,91,279,283,282,286,238,254,312,312,?,181,321,325,256,284,90,94,170,174
Ccaffra4p11B,Cossypha caffra caffra,SouthAfrica_FreeState,South Africa,"Free State, Harrismith District, Geluksdal Farm",MSB_39243 [177159],-27.90285,29.39383333,MT003448,Wogan et al. 2020,304,312,382,382,333,349,344,396,91,91,291,311,311,363,202,230,312,322,-9,-9,325,329,232,232,90,94,170,182
Ccaffra4p10C,Cossypha caffra caffra,SouthAfrica_FreeState,South Africa,"Free State, Harrismith District, Scotland Farm",MSB_39245 [177197],-27.98173333,29.6203,MT003384,Wogan et al. 2020,320,320,386,386,329,349,344,400,91,143,283,283,282,286,250,266,312,312,-9,-9,325,325,272,272,98,102,178,186
Ccaffra4p10H,Cossypha caffra caffra,SouthAfrica_FreeState,South Africa,"Free State, Harrismith District, Scotland Farm",MSB_39246 [177195],-27.98173333,29.6203,MT003395,Wogan et al. 2020,320,320,386,386,345,345,340,344,99,143,291,291,286,315,250,258,322,322,-9,-9,325,325,-9,-9,94,98,186,194
Ccaffra4p11A,Cossypha caffra caffra,SouthAfrica_FreeState,South Africa,"Free State, Harrismith District, Scotland Farm",MSB_39244 [177196],-27.98313333,29.6205,MT003413,Wogan et al. 2020,320,320,382,386,329,345,344,400,99,111,283,291,282,286,250,266,312,312,-9,-9,325,325,272,272,-9,98,178,186
Ccaffra4p11C,Cossypha caffra caffra,SouthAfrica_FreeState,South Africa,"Free State, Harrismith District, Scotland Farm",MSB_39247 [177193],-27.98313333,29.6205,MT003411,Wogan et al. 2020,316,324,394,398,345,345,344,344,91,123,287,291,282,319,210,250,307,322,-9,-9,317,317,252,252,102,114,186,194
Ccaffra4p11D,Cossypha caffra caffra,SouthAfrica_FreeState,South Africa,"Free State, Harrismith District, Scotland Farm",MSB_39492 [177192],-27.98173333,29.6203,MT003409,Wogan et al. 2020,312,312,398,398,345,353,336,344,91,131,291,315,303,303,202,210,312,322,-9,-9,325,325,260,?,90,90,178,194
Ccaffra2p12D,Cossypha caffra caffra,SouthAfrica_FreeState,South Africa,"Free State, Kalkwal, Brandfort",BE-21921,-28.83333333,26.18333333,MT003372,Wogan et al. 2020,320,320,370,370,325,361,348,352,119,123,295,295,307,307,206,234,292,327,206,234,321,321,232,252,98,98,178,194
Ccaffra3p1F,Cossypha caffra caffra,SouthAfrica_FreeState,South Africa,"Free State, Kalkwal, Brandfort",BE-21920,-28.83333333,26.18333333,MT003480,Wogan et al. 2020,316,336,386,386,341,341,340,348,123,127,295,331,307,319,206,206,287,302,206,206,321,321,248,248,98,98,182,194
Ccaffra3p2A,Cossypha caffra caffra,SouthAfrica_FreeState,South Africa,"Free State, Kalkwal, Brandfort",CV-10098,-28.83333333,26.18333333,MT003556,Wogan et al. 2020,320,320,366,398,321,333,300,316,127,131,299,315,311,319,206,206,312,332,206,206,321,329,252,252,-9,-9,174,178
Ccaffra1p9H,Cossypha caffra caffra,SouthAfrica_FreeState,South Africa,"Free State, Kalkwall ",GO-81,-28.0942,26.1878,MT003493,Wogan et al. 2020,320,320,362,386,341,361,340,344,99,99,287,319,286,367,222,254,317,332,222,254,317,325,276,280,-9,-9,178,186
Ccaffra1p10A,Cossypha caffra caffra,SouthAfrica_FreeState,South Africa,"Free State, Kannabos, Ficksburg",FA-73185,-28.8333,27.7,MT003341,Wogan et al. 2020,320,320,382,382,341,341,354,360,99,123,283,283,315,315,198,254,292,312,198,254,325,325,272,272,90,98,174,174
Ccaffra1p10B,Cossypha caffra caffra,SouthAfrica_FreeState,South Africa,"Free State, Kannabos, Ficksburg",FA-73186,-28.8333,27.7,na,Wogan et al. 2020,304,304,398,398,357,377,336,344,91,115,287,295,319,359,210,210,307,317,210,210,329,329,232,232,94,98,174,186
Ccaffra3p3B,Cossypha caffra caffra,SouthAfrica_FreeState,South Africa,"Free State, Karreefontein, Brandfort",BE-55710,-28.8823,26.38836,MT003473,Wogan et al. 2020,312,312,378,378,329,329,340,340,127,127,287,327,303,315,206,210,302,307,206,210,329,329,268,268,98,98,174,182
Ccaffra3p2B,Cossypha caffra caffra,SouthAfrica_FreeState,South Africa,"Free State, Mnt Everest NR, Harrismith",BE-21929,-28.16666667,29.16666667,MT003393,Wogan et al. 2020,320,320,394,394,345,377,336,396,131,131,279,283,311,315,190,250,312,342,190,254,313,329,256,256,90,102,174,178
Ccaffra1p10C,Cossypha caffra caffra,SouthAfrica_FreeState,South Africa,"Free State, Noord Bramant, Golden Gate National Park",BD-81366,-28.5,28.5667,MT003552,Wogan et al. 2020,320,324,398,398,321,349,340,348,91,123,295,319,286,319,186,234,292,312,186,234,317,317,272,276,90,90,170,174
Ccaffra3p1E,Cossypha caffra caffra,SouthAfrica_FreeState,South Africa,"Free State, Oliewenhuis, Bloemfontein",BE-21915,-29.1,26.21666667,MT003538,Wogan et al. 2020,312,324,382,382,341,349,340,340,119,139,315,315,303,363,242,250,312,337,242,250,329,329,276,276,94,94,170,174
Ccaffra3p6A,Cossypha caffra caffra,SouthAfrica_FreeState,South Africa,"Free State, Rouxville",GAV-3799,-30.85777778,27.02666667,MT003338,Wogan et al. 2020,316,316,386,386,349,353,340,344,-9,-9,279,291,311,387,214,250,312,317,186,-9,317,329,-9,-9,-9,-9,174,198
Ccaffra3p6C,Cossypha caffra caffra,SouthAfrica_FreeState,South Africa,"Free State, Rouxville",GAV-3767,-30.85777778,27.02666667,MT003336,Wogan et al. 2020,316,316,362,362,337,353,340,344,115,115,287,331,303,319,190,218,317,322,274,-9,321,325,-9,-9,-9,-9,174,178
Ccaffra3p6D,Cossypha caffra caffra,SouthAfrica_FreeState,South Africa,"Free State, Rouxville",JWH-401,-30.85777778,27.02666667,MT003375,Wogan et al. 2020,316,320,378,382,377,381,340,340,127,127,291,311,315,319,202,206,312,347,-9,246,321,321,-9,-9,-9,-9,178,178
Ccaffra3p6E,Cossypha caffra caffra,SouthAfrica_FreeState,South Africa,"Free State, Rouxville",GAV-3768,-30.85777778,27.02666667,MT003390,Wogan et al. 2020,316,316,386,394,317,325,340,352,123,131,287,303,311,315,202,254,292,317,-9,238,325,325,-9,-9,-9,-9,170,186
Ccaffra3p7B,Cossypha caffra caffra,SouthAfrica_FreeState,South Africa,"Free State, Rouxville",JWH-358,-30.85777778,27.02666667,MT003364,Wogan et al. 2020,304,312,386,386,313,357,312,344,123,131,287,287,315,315,186,250,317,317,-9,-9,321,325,-9,-9,-9,-9,174,192
Ccaffra3p7D,Cossypha caffra caffra,SouthAfrica_FreeState,South Africa,"Free State, Rouxville",GAV-3781,-30.85777778,27.02666667,MT003327,Wogan et al. 2020,320,320,378,378,341,353,344,348,91,91,219,291,286,311,222,250,307,317,-9,-9,321,321,-9,-9,-9,-9,178,186
Ccaffra3p7E,Cossypha caffra caffra,SouthAfrica_FreeState,South Africa,"Free State, Rouxville",GAV-3758,-30.85777778,27.02666667,MT003358,Wogan et al. 2020,304,316,362,362,305,349,340,344,135,135,291,295,303,343,210,226,-9,-9,186,NA,325,325,-9,-9,90,94,186,190
Ccaffra3p7F,Cossypha caffra caffra,SouthAfrica_FreeState,South Africa,"Free State, Rouxville",GAV-3780,-30.85777778,27.02666667,na,Wogan et al. 2020,316,320,362,390,357,361,340,348,99,119,271,287,307,319,202,210,322,322,-9,-9,317,321,-9,-9,-9,-9,186,186
Ccaffra3p7G,Cossypha caffra caffra,SouthAfrica_FreeState,South Africa,"Free State, Rouxville",JWH-359,-30.85777778,27.02666667,na,Wogan et al. 2020,316,316,362,374,361,361,344,348,91,91,287,287,315,315,226,266,332,347,-9,-9,317,321,-9,-9,98,98,186,186
Ccaffra4p10A,Cossypha caffra caffra,SouthAfrica_FreeState,South Africa,"Free State, Rouxville District, Zeekoegat",MSB_30215 [174306],-30.5072,26.61515,MT003479,Wogan et al. 2020,316,316,362,382,329,353,344,352,91,139,283,287,303,311,202,250,312,312,156,-9,325,329,276,276,94,98,178,178
Ccaffra4p10E,Cossypha caffra caffra,SouthAfrica_FreeState,South Africa,"Free State, Rouxville District, Zeekoegat",MSB_30216 [174315],-30.50808333,26.6154,MT003476,Wogan et al. 2020,304,336,378,394,321,349,336,340,99,135,283,299,311,319,202,234,302,317,-9,-9,325,325,-9,-9,94,94,178,178
Ccaffra4p11E,Cossypha caffra caffra,SouthAfrica_FreeState,South Africa,"Free State, Rouxville District, Zeekoegat",MSB_30212 [174133],-30.5072,26.61515,MT003403,Wogan et al. 2020,320,320,378,378,325,353,340,344,91,135,327,331,311,343,230,294,312,327,-9,-9,317,321,276,276,94,98,174,178
Ccaffra3p3D,Cossypha caffra caffra,SouthAfrica_FreeState,South Africa,"Free State, Stolzkraal, Rouxville",BE-55711,-30.49387,26.81985,MT003392,Wogan et al. 2020,316,320,386,386,341,357,348,348,91,99,287,287,307,323,186,202,307,317,186,202,321,321,256,256,102,102,170,178
Ccaffra1p10D,Cossypha caffra caffra,SouthAfrica_FreeState,South Africa,"Free State, The Willows, Rouxville",FA-76224,-30.6,26.7667,MT003482,Wogan et al. 2020,320,320,378,378,341,349,336,344,99,131,287,295,303,383,230,254,317,317,230,254,321,321,280,280,94,94,174,174
Ccaffra1p10E,Cossypha caffra caffra,SouthAfrica_FreeState,South Africa,"Free State, The Willows, Rouxville",FA-76222,-30.6,26.7667,MT003308,Wogan et al. 2020,320,320,386,398,345,349,340,348,119,127,319,328,282,315,226,226,312,312,226,226,329,329,252,252,98,106,174,178
Ccaffra3p3E,Cossypha caffra caffra,SouthAfrica_FreeState,South Africa,"Free State, The Willows, Rouxville",BE-55712,-30.6015,26.76788,MT003559,Wogan et al. 2020,312,316,362,362,345,357,336,400,123,123,271,327,290,319,222,250,312,317,222,250,313,325,260,272,94,94,174,178
Ccaffra4p10D,Cossypha caffra caffra,SouthAfrica_FreeState,South Africa,"Free State, Wesselsbron District, Brakfontein Private Nature Reserve",MSB_30214 [174178],-28.0433,26.29588333,MT003421,Wogan et al. 2020,320,320,386,386,349,361,340,348,91,123,291,291,286,319,206,234,317,342,-9,-9,325,325,-9,-9,94,98,170,174
Ccaffra4p10F,Cossypha caffra caffra,SouthAfrica_FreeState,South Africa,"Free State, Wesselsbron District, Brakfontein Private Nature Reserve",MSB_30213 [174137],-28.0433,26.29588333,MT003385,Wogan et al. 2020,320,320,390,390,349,353,340,344,91,123,283,283,286,319,206,238,317,342,-9,-9,325,325,-9,-9,94,94,170,178
Ccaffra1p9D,Cossypha caffra caffra,SouthAfrica_FreeState,South Africa,"Free State, Wilgenhof, Gloden Gate National Park",BD-81358,-28.4833,28.5833,MT003529,Wogan et al. 2020,316,320,386,390,329,353,340,432,123,135,283,295,286,307,234,254,312,317,234,254,317,329,272,280,98,106,178,178
Ccaffra1p10G,Cossypha caffra caffra,SouthAfrica_FreeState,South Africa,"Free State, Wilgenhof, Gloden Gate National Park",BD-81364,-28.4833,28.5833,MT003304,Wogan et al. 2020,316,320,390,390,329,337,344,354,119,123,291,295,282,315,214,238,317,317,214,238,321,321,252,280,94,98,178,178
Ccaffra1p10H,Cossypha caffra caffra,SouthAfrica_Gauteng,South Africa,"Gauteng, Boschenvaal",FB-00958,-26.7833,27.75,MT003484,Wogan et al. 2020,316,316,378,398,357,357,354,449,91,123,283,291,307,319,246,254,292,327,246,254,321,321,272,272,94,110,174,206
Ccaffra3p1A,Cossypha caffra caffra,SouthAfrica_Gauteng,South Africa,"Gauteng, EcoPark, Newcastle",FH-50971,-27.7722,30.01,MT003365,Wogan et al. 2020,320,324,390,390,317,349,284,284,127,127,283,283,319,319,186,250,327,337,186,250,325,325,264,280,98,98,174,182
Ccaffra1p11A,Cossypha caffra caffra,SouthAfrica_Gauteng,South Africa,"Gauteng, Ezemvelo NR, Bronkhorstspruit",FB-03940,-25.7,28.4333,MT003354,Wogan et al. 2020,320,320,390,390,357,377,336,344,91,135,271,295,315,319,202,258,312,337,202,258,321,325,224,252,94,98,174,190
Ccaffra1p11B,Cossypha caffra caffra,SouthAfrica_Gauteng,South Africa,"Gauteng, Holfontein",FH-43308,-26.7167,27.6333,MT003447,Wogan et al. 2020,312,320,386,386,353,373,344,352,91,91,287,291,319,319,242,262,312,317,242,262,325,325,272,272,94,94,178,190
Ccaffra1p11C,Cossypha caffra caffra,SouthAfrica_Gauteng,South Africa,"Gauteng, Holfontein",FH-43321,-26.7167,27.6333,MT003490,Wogan et al. 2020,348,348,378,378,349,361,344,344,91,127,287,287,307,311,202,242,317,317,202,242,321,321,272,272,94,98,178,190
Ccaffra1p11D,Cossypha caffra caffra,SouthAfrica_Gauteng,South Africa,"Gauteng, Holfontein",FH-46792,-26.7167,27.6333,MT003303,Wogan et al. 2020,316,320,362,362,317,341,340,344,127,131,287,295,311,315,186,206,312,337,186,206,325,329,248,248,94,94,170,174
Ccaffra1p11E,Cossypha caffra caffra,SouthAfrica_Gauteng,South Africa,"Gauteng, Holfontein",FH-43322,-26.7167,27.6333,na,Wogan et al. 2020,344,344,374,386,353,357,344,348,91,119,303,315,307,311,190,262,317,322,190,262,321,321,232,252,94,94,178,190
Ccaffra1p11F,Cossypha caffra caffra,SouthAfrica_Gauteng,South Africa,"Gauteng, Holfontein",FB-03879,-26.7167,27.6333,MT003485,Wogan et al. 2020,312,312,370,394,349,349,340,344,119,127,287,311,319,363,202,234,312,312,202,234,321,321,252,252,106,106,174,190
Ccaffra1p11G,Cossypha caffra caffra,SouthAfrica_Gauteng,South Africa,"Gauteng, Holfontein",FH-43309,-26.7167,27.6333,MT003497,Wogan et al. 2020,316,320,370,390,345,349,344,436,123,127,283,291,315,319,230,234,312,317,230,234,325,325,256,256,94,106,174,174
Ccaffra1p11H,Cossypha caffra caffra,SouthAfrica_Gauteng,South Africa,"Gauteng, Holfontein",FH-43310,-26.7167,27.6333,MT003532,Wogan et al. 2020,320,320,378,390,361,361,340,344,91,123,287,291,286,295,206,234,307,317,206,234,321,329,240,240,98,106,186,194
Ccaffra1p12A,Cossypha caffra caffra,SouthAfrica_Gauteng,South Africa,"Gauteng, Holfontein",FH-21942,-26.7167,27.6333,MT003544,Wogan et al. 2020,316,336,374,394,349,353,340,440,91,99,287,295,303,315,226,226,312,317,226,226,325,325,252,252,94,94,190,190
Ccaffra1p12B,Cossypha caffra caffra,SouthAfrica_Gauteng,South Africa,"Gauteng, Holfontein",FH-43209,-26.7167,27.6333,MT003316,Wogan et al. 2020,316,316,378,390,353,361,340,340,99,135,287,295,319,359,246,262,312,317,246,262,321,321,276,276,98,106,178,186
Ccaffra1p12C,Cossypha caffra caffra,SouthAfrica_Gauteng,South Africa,"Gauteng, Holfontein, vanderbijlpark",FH-21877,-26.7167,27.6333,MT003326,Wogan et al. 2020,348,352,390,390,329,349,312,336,119,127,287,291,303,311,202,250,322,322,202,250,321,321,272,272,90,94,170,174
Ccaffra2p1A,Cossypha caffra caffra,SouthAfrica_Gauteng,South Africa,"Gauteng, North West, Bronkhorstfontein, Fochville, NW",FH-21936,-26.7,27.55,MT003474,Wogan et al. 2020,308,320,370,398,349,349,344,348,99,127,295,295,319,319,210,262,312,332,210,262,321,321,268,272,94,98,174,178
Ccaffra2p1B,Cossypha caffra caffra,SouthAfrica_Gauteng,South Africa,"Gauteng, North West, Bronkhorstfontein, Fochville, NW",FH-21770,-26.7,27.55,MT003524,Wogan et al. 2020,324,324,386,386,345,353,348,404,91,127,287,287,286,319,226,230,307,312,226,230,321,321,272,272,102,102,170,170
Ccaffra2p1C,Cossypha caffra caffra,SouthAfrica_Gauteng,South Africa,"Gauteng, North West, Bronkhorstfontein, Fochville, NW",FH-46762,-26.7,27.55,na,Wogan et al. 2020,316,340,362,362,357,373,344,348,127,135,291,291,315,363,238,250,312,337,238,250,321,333,276,276,90,90,178,186
Ccaffra2p1D,Cossypha caffra caffra,SouthAfrica_Gauteng,South Africa,"Gauteng, North West, Bronkhorstfontein, Fochville, NW",FH-43247,-26.7,27.55,MT003475,Wogan et al. 2020,312,320,390,390,341,341,340,344,119,123,287,295,303,307,186,234,322,322,186,234,321,321,272,272,90,98,174,194
Ccaffra2p1E,Cossypha caffra caffra,SouthAfrica_Gauteng,South Africa,"Gauteng, North West, Bronkhorstfontein, Fochville, NW",FH-46759,-26.7,27.55,MT003329,Wogan et al. 2020,316,316,374,386,333,353,348,348,127,127,287,291,311,319,234,250,312,337,234,250,321,325,252,256,94,102,174,174
Ccaffra2p1F,Cossypha caffra caffra,SouthAfrica_Gauteng,South Africa,"Gauteng, North West, Bronkhorstfontein, Fochville, NW",FH-21875,-26.7,27.55,MT003323,Wogan et al. 2020,312,320,378,378,317,317,340,344,99,123,287,319,315,319,190,238,312,337,190,238,325,325,248,252,90,98,190,202
Ccaffra2p1G,Cossypha caffra caffra,SouthAfrica_Gauteng,South Africa,"Gauteng, North West, Bronkhorstfontein, Fochville, NW",FB-00017,-26.7,27.55,MT003422,Wogan et al. 2020,312,344,370,370,353,357,344,348,91,131,287,303,307,311,206,363,317,322,206,262,321,325,232,252,94,110,174,190
Ccaffra2p1H,Cossypha caffra caffra,SouthAfrica_Gauteng,South Africa,"Gauteng, North West, Bronkhorstfontein, Fochville, NW",FH-46763,-26.7,27.55,MT003370,Wogan et al. 2020,316,316,378,390,353,353,340,344,119,123,287,291,315,327,198,242,327,332,198,242,321,321,272,272,102,114,178,186
Ccaffra2p2A,Cossypha caffra caffra,SouthAfrica_Gauteng,South Africa,"Gauteng, North West, Bronkhorstfontein, Fochville, NW",FH-46764,-26.7,27.55,MT003376,Wogan et al. 2020,316,316,386,394,349,353,340,340,127,131,287,291,319,319,198,242,312,322,198,242,325,325,256,256,98,98,166,170
Ccaffra1p12D,Cossypha caffra caffra,SouthAfrica_KwazuluNatal,South Africa,"Kwazulu Natal, Durbanville Nature Gardens",FA-80544,-33.8333,18.6333,MT003433,Wogan et al. 2020,320,320,390,390,317,341,336,336,91,91,287,303,307,331,254,258,307,342,254,258,329,329,256,256,94,102,182,194
Ccaffra4p1A,Cossypha caffra caffra,SouthAfrica_KwazuluNatal,South Africa,"Kwazulu Natal, Goodhope Estate, 9.3 km W Boston",FMNH_390128,-29.66666667,29.96666667,MT003347,Wogan et al. 2020,320,340,386,394,287,353,344,348,91,99,275,283,286,319,222,254,312,327,138,160,321,333,224,272,94,98,182,186
Ccaffra4p1B,Cossypha caffra caffra,SouthAfrica_KwazuluNatal,South Africa,"Kwazulu Natal, Goodhope Estate, 9.3 km W Boston",FMNH_390131,-29.66666667,29.96666667,MT003417,Wogan et al. 2020,320,324,386,386,341,345,340,340,123,139,283,323,286,319,258,262,312,312,-9,-9,325,325,224,224,86,98,174,202
Ccaffra4p1C,Cossypha caffra caffra,SouthAfrica_KwazuluNatal,South Africa,"Kwazulu Natal, Goodhope Estate, 9.3 km W Boston",FMNH_390125,-29.66666667,29.96666667,MT003406,Wogan et al. 2020,316,316,394,394,329,345,344,348,99,135,283,291,307,311,186,266,317,322,138,164,321,325,224,240,98,98,170,170
Ccaffra4p1D,Cossypha caffra caffra,SouthAfrica_KwazuluNatal,South Africa,"Kwazulu Natal, Goodhope Estate, 9.3 km W Boston",FMNH_390127,-29.66666667,29.96666667,MT003400,Wogan et al. 2020,320,320,390,390,287,287,344,344,91,91,291,303,315,315,202,242,312,332,-9,-9,317,317,264,276,90,90,186,190
Ccaffra4p1E,Cossypha caffra caffra,SouthAfrica_KwazuluNatal,South Africa,"Kwazulu Natal, Goodhope Estate, 9.3 km W Boston",FMNH_390126,-29.66666667,29.96666667,MT003442,Wogan et al. 2020,320,336,398,398,305,349,340,344,91,131,299,319,319,323,230,278,312,322,156,164,325,325,224,224,94,102,174,186
Ccaffra2p11H,Cossypha caffra caffra,SouthAfrica_KwazuluNatal,South Africa,"Kwazulu-Natal, Mawelawela Farm, Ladysmith",RSA-105,-28.58167,29.74972,MT003386,Wogan et al. 2020,316,320,378,386,357,373,344,436,91,123,291,291,307,319,206,226,312,322,206,226,329,329,240,284,90,98,170,194
Ccaffra1p12E,Cossypha caffra caffra,SouthAfrica_Limpopo,South Africa,"Limpopo, De Hoek, Woodbush, Tzaneen, NP",FH-43406,-23.8,30.0167,na,Wogan et al. 2020,344,344,370,370,357,373,340,340,91,91,287,299,315,319,186,262,312,317,186,262,317,325,252,280,86,86,174,174
Ccaffra3p1B,Cossypha caffra caffra,SouthAfrica_Limpopo,South Africa,"Limpopo, Magoebaskloof, De Hoek bosbouhuis",FA91843,-23.8139,30.0172,MT003426,Wogan et al. 2020,320,320,374,374,345,353,336,344,99,127,283,283,311,383,242,246,317,322,246,246,325,325,224,268,98,98,174,174
Ccaffra1p12F,Cossypha caffra caffra,SouthAfrica_Limpopo,South Africa,"Limpopo, Nylstroom - Olienhoutstraat 47",FA-62060,-24.7,28.3833,MT003470,Wogan et al. 2020,316,324,374,374,333,373,344,348,99,127,287,291,319,319,190,250,312,312,190,250,321,325,240,240,94,106,174,182
Ccaffra3p6B,Cossypha caffra caffra,SouthAfrica_Mpumalanga,South Africa,"Mpumalanga Prov., Ermelo",GAV-3754,-26.53333333,29.98333333,MT003349,Wogan et al. 2020,320,324,390,390,341,357,344,344,-9,-9,291,291,307,311,222,262,317,317,-9,-9,329,329,-9,-9,-9,-9,174,190
Ccaffra3p6G,Cossypha caffra caffra,SouthAfrica_Mpumalanga,South Africa,"Mpumalanga Prov., Ermelo",JWH-339,-26.53333333,29.98333333,MT003472,Wogan et al. 2020,332,340,378,378,349,361,344,420,91,135,283,283,303,311,230,246,317,342,-9,230,337,337,256,256,-9,-9,170,174
Ccaffra3p7A,Cossypha caffra caffra,SouthAfrica_Mpumalanga,South Africa,"Mpumalanga Prov., Ermelo",GAV3749,-26.53333333,29.98333333,MT003446,Wogan et al. 2020,320,324,374,382,329,349,336,340,91,91,287,295,286,286,194,214,312,312,-9,-9,329,329,-9,-9,102,102,174,190
Ccaffra3p9C,Cossypha caffra caffra,SouthAfrica_Mpumalanga,South Africa,"Mpumalanga Prov., Ermelo",JHW343,-26.53333333,29.98333333,MT003340,Wogan et al. 2020,316,320,386,386,357,361,344,348,-9,103,279,279,303,307,226,250,312,337,-9,-9,313,321,-9,-9,-9,-9,178,186
Ccaffra4p11H,Cossypha caffra caffra,SouthAfrica_Mpumalanga,South Africa,"Mpumalanga Prov., Ermelo",JWH343,-26.53333333,29.98333333,MT003451,Wogan et al. 2020,316,316,386,386,357,361,344,348,91,95,279,315,303,307,226,250,-9,337,-9,-9,313,321,-9,-9,-9,-9,174,186
Ccaffra2p11D,Cossypha caffra caffra,SouthAfrica_Mpumalanga,South Africa,"Mpumalanga, Standardton",CU(?)-43517,-26.9422,29.2422,MT003554,Wogan et al. 2020,316,320,386,386,325,337,332,348,127,127,287,291,286,359,202,234,292,322,-9,-9,325,325,272,272,98,110,178,178
Ccaffra1p12G,Cossypha caffra caffra,SouthAfrica_Mpumalanga,South Africa,"Mpumalanga, Talbot Farm",FA-57995,-25.55,30.2333,MT003352,Wogan et al. 2020,316,316,398,398,341,361,344,344,99,123,283,291,303,315,190,214,302,317,190,214,321,321,252,252,90,90,174,174
Ccaffra4p4C,Cossypha caffra caffra,SouthAfrica_NorthernCape,South Africa,"Northern Cape Province, Potfontein",FMNH_443712,-30.43333333,24.10888889,na,Wogan et al. 2020,316,320,390,390,349,353,336,348,119,123,279,279,311,311,222,234,312,327,138,156,321,325,252,252,98,98,174,194
Ccaffra2p2B,Cossypha caffra caffra,SouthAfrica_NorthernCape,South Africa,"Northern Cape, Abiqua River Camp, Orange River",FA-90691,-28.6989,17.5256,MT003429,Wogan et al. 2020,312,312,382,382,317,353,340,344,123,127,287,287,311,387,202,210,302,317,202,210,325,325,252,252,-9,-9,174,178
Ccaffra2p2C,Cossypha caffra caffra,SouthAfrica_NorthernCape,South Africa,"Northern Cape, Abiqua River Camp, Orange River",FA-90692,-28.6989,17.5256,MT003379,Wogan et al. 2020,312,312,382,382,353,353,336,348,-9,-9,291,291,315,319,190,210,322,332,190,210,317,321,252,252,-9,-9,178,178
Ccaffra2p2D,Cossypha caffra caffra,SouthAfrica_NorthernCape,South Africa,"Northern Cape, Aquacade, Vioolsdrift",HS-113,-28.6906,17.5875,MT003300,Wogan et al. 2020,312,320,382,382,353,361,340,340,119,127,287,287,303,315,198,202,307,312,198,202,317,325,252,264,110,110,178,178
Ccaffra2p2E,Cossypha caffra caffra,SouthAfrica_NorthernCape,South Africa,"Northern Cape, Aquacade, Vioolsdrift",HS-114,-28.6906,17.5875,MT003500,Wogan et al. 2020,316,316,382,386,317,349,340,348,135,135,287,323,311,403,206,250,312,317,206,250,325,325,260,264,-9,-9,178,178
Ccaffra2p2F,Cossypha caffra caffra,SouthAfrica_NorthernCape,South Africa,"Northern Cape, Aquacade, Vioolsdrift",HS-121,-28.6906,17.5875,MT003437,Wogan et al. 2020,312,316,378,382,349,353,336,336,127,131,315,331,311,311,198,210,312,312,198,210,317,321,256,256,-9,-9,174,178
Ccaffra2p2G,Cossypha caffra caffra,SouthAfrica_NorthernCape,South Africa,"Northern Cape, Aquacade, Vioolsdrift",HS-122,-28.6906,17.5875,MT003369,Wogan et al. 2020,312,316,378,386,349,349,336,340,119,127,287,315,311,403,198,246,307,312,198,246,321,321,252,256,98,98,174,178
Ccaffra2p2H,Cossypha caffra caffra,SouthAfrica_NorthernCape,South Africa,"Northern Cape, Aquacade, Vioolsdrift",HS-123,-28.6906,17.5875,MT003434,Wogan et al. 2020,312,316,386,386,349,349,340,340,135,135,287,323,311,311,210,246,312,312,210,246,321,321,256,256,-9,-9,174,178
Ccaffra2p3A,Cossypha caffra caffra,SouthAfrica_NorthernCape,South Africa,"Northern Cape, Aquacade, Vioolsdrift",HS145,-28.6906,17.5875,MT003438,Wogan et al. 2020,316,316,378,382,349,353,340,348,127,131,291,295,387,407,190,206,312,312,190,206,317,317,256,256,-9,-9,174,178
Ccaffra2p3B,Cossypha caffra caffra,SouthAfrica_NorthernCape,South Africa,"Northern Cape, Aquacade, Vioolsdrift",HS-170,-28.6906,17.5875,MT003436,Wogan et al. 2020,312,312,394,398,349,353,336,340,123,135,287,323,311,311,210,250,302,302,210,250,321,321,256,256,90,94,178,178
Ccaffra2p3C,Cossypha caffra caffra,SouthAfrica_NorthernCape,South Africa,"Northern Cape, Aquacade, Vioolsdrift",HS-193,-28.6906,17.5875,MT003318,Wogan et al. 2020,312,316,378,386,349,349,336,340,119,127,287,315,311,403,198,246,307,312,198,246,321,321,252,256,98,98,174,178
Ccaffra2p3D,Cossypha caffra caffra,SouthAfrica_NorthernCape,South Africa,"Northern Cape, Aquacade, Vioolsdrift",HS-121,-28.6906,17.5875,MT003430,Wogan et al. 2020,312,316,378,386,345,353,340,344,115,123,287,323,307,311,206,246,307,312,206,246,325,329,256,264,98,98,178,178
Ccaffra2p3E,Cossypha caffra caffra,SouthAfrica_NorthernCape,South Africa,"Northern Cape, Aquacade, Vioolsdrift",HS-135,-28.6906,17.5875,MT003373,Wogan et al. 2020,312,320,378,378,321,353,340,344,119,119,287,331,303,311,198,210,312,312,198,210,321,325,252,252,110,110,174,178
Ccaffra2p3F,Cossypha caffra caffra,SouthAfrica_NorthernCape,South Africa,"Northern Cape, Bulletrap district",FA-90663,-29.4261,17.6514,MT003424,Wogan et al. 2020,312,316,386,386,329,333,336,340,123,135,287,291,307,315,222,266,317,317,222,266,325,329,224,224,82,106,174,182
Ccaffra2p3G,Cossypha caffra caffra,SouthAfrica_NorthernCape,South Africa,"Northern Cape, Bulletrap district",FA-90656,-29.4261,17.6514,MT003466,Wogan et al. 2020,312,312,374,378,313,341,336,396,95,99,283,291,303,303,222,246,317,317,222,246,321,325,272,272,94,94,174,178
Ccaffra2p3H,Cossypha caffra caffra,SouthAfrica_NorthernCape,South Africa,"Northern Cape, Bulletrap district",FA-90661,-29.4261,17.6514,MT003314,Wogan et al. 2020,312,316,382,386,349,349,336,340,95,123,283,311,286,286,210,250,317,317,210,250,325,329,280,280,-9,-9,186,190
Ccaffra2p4A,Cossypha caffra caffra,SouthAfrica_NorthernCape,South Africa,"Northern Cape, Bulletrap district",FA-90662,-29.4261,17.6514,MT003545,Wogan et al. 2020,312,316,362,378,329,333,336,400,135,135,287,291,307,315,246,266,312,322,246,266,329,329,224,252,94,94,174,178
Ccaffra2p4B,Cossypha caffra caffra,SouthAfrica_NorthernCape,South Africa,"Northern Cape, Bulletrap district",FA-90664,-29.4261,17.6514,MT003503,Wogan et al. 2020,312,312,362,362,325,329,336,400,135,139,291,315,307,319,186,266,322,322,186,266,329,329,224,252,94,106,178,182
Ccaffra2p4C,Cossypha caffra caffra,SouthAfrica_NorthernCape,South Africa,"Northern Cape, Bulletrap district",FA-90666,-29.4261,17.6514,MT003540,Wogan et al. 2020,320,320,390,390,333,341,336,340,95,99,283,295,315,315,226,270,312,312,226,270,325,325,280,280,82,110,174,194
Ccaffra2p4D,Cossypha caffra caffra,SouthAfrica_NorthernCape,South Africa,"Northern Cape, Bulletrap district",FA-90669,-29.4261,17.6514,MT003378,Wogan et al. 2020,316,320,374,386,333,341,336,340,95,131,279,287,286,315,250,270,312,312,250,270,325,325,272,272,82,82,186,194
Ccaffra2p4E,Cossypha caffra caffra,SouthAfrica_NorthernCape,South Africa,"Northern Cape, Bulletrap district",FA-90670,-29.4261,17.6514,MT003531,Wogan et al. 2020,320,320,386,390,333,341,344,352,91,95,311,315,307,311,186,250,312,312,186,250,317,325,252,280,102,102,190,190
Ccaffra2p4F,Cossypha caffra caffra,SouthAfrica_NorthernCape,South Africa,"Northern Cape, Bulletrap district",FA-90671,-29.4261,17.6514,MT003516,Wogan et al. 2020,312,324,394,394,341,349,428,428,95,99,283,287,307,315,246,250,322,327,246,250,325,325,256,256,94,110,182,186
Ccaffra2p4G,Cossypha caffra caffra,SouthAfrica_NorthernCape,South Africa,"Northern Cape, Bulletrap district",FA-90678,-29.4261,17.6514,MT003494,Wogan et al. 2020,312,312,382,382,341,349,396,396,91,131,283,311,307,315,210,258,302,317,210,258,325,325,252,252,82,94,178,190
Ccaffra2p4H,Cossypha caffra caffra,SouthAfrica_NorthernCape,South Africa,"Northern Cape, Bulletrap district",FA-90681,-29.4261,17.6514,MT003415,Wogan et al. 2020,312,320,378,378,349,349,336,340,123,123,295,311,315,315,210,270,312,312,210,270,325,325,244,252,82,82,178,182
Ccaffra2p5A,Cossypha caffra caffra,SouthAfrica_NorthernCape,South Africa,"Northern Cape, Bulletrap district",FA-90687,-29.4261,17.6514,MT003487,Wogan et al. 2020,312,320,374,382,349,349,336,340,95,95,287,311,315,315,210,250,317,317,210,250,325,325,252,252,82,82,190,194
Ccaffra2p5B,Cossypha caffra caffra,SouthAfrica_NorthernCape,South Africa,"Northern Cape, Bulletrap district",FA-90689,-29.4261,17.6514,MT003309,Wogan et al. 2020,320,320,378,378,301,333,336,336,95,127,283,295,315,315,186,258,312,317,186,258,329,329,272,272,94,94,170,182
Ccaffra2p5C,Cossypha caffra caffra,SouthAfrica_NorthernCape,South Africa,"Northern Cape, Bulletrap district",FA-90690,-29.4261,17.6514,MT003418,Wogan et al. 2020,320,320,386,386,301,341,396,408,95,95,279,283,307,315,242,250,317,317,242,250,321,321,224,268,94,106,182,194
Ccaffra2p5D,Cossypha caffra caffra,SouthAfrica_NorthernCape,South Africa,"Northern Cape, Bulletrap district",FA-90673,-29.4261,17.6514,MT003496,Wogan et al. 2020,312,312,382,386,333,353,340,396,95,123,283,311,315,315,186,210,312,317,186,210,321,325,252,252,94,94,174,178
Ccaffra2p5E,Cossypha caffra caffra,SouthAfrica_NorthernCape,South Africa,"Northern Cape, Bulletrap district",FA-90675,-29.4261,17.6514,MT003454,Wogan et al. 2020,312,312,374,382,341,341,336,396,99,127,283,291,303,379,186,210,302,317,186,210,321,325,272,272,94,98,174,174
Ccaffra3p2H,Cossypha caffra caffra,SouthAfrica_NorthernCape,South Africa,"Northern Cape, Bulletrap district",FA-90685 ,-29.4261,17.6514,MT003537,Wogan et al. 2020,316,316,382,386,329,337,340,396,127,131,283,311,307,387,210,242,302,312,210,242,325,325,252,252,94,94,178,194
Ccaffra3p6F,Cossypha caffra caffra,SouthAfrica_NorthernCape,South Africa,"Northern Cape, Ghaap Plateau",GAV-3814,-29.06666667,23.41666667,MT003404,Wogan et al. 2020,312,312,378,390,349,353,340,344,127,127,267,287,383,383,210,242,302,307,-9,-9,321,321,-9,-9,-9,-9,178,178
Ccaffra3p6H,Cossypha caffra caffra,SouthAfrica_NorthernCape,South Africa,"Northern Cape, Ghaap Plateau",GAV-3836,-29.06666667,23.41666667,MT003368,Wogan et al. 2020,316,320,378,378,349,353,340,348,-9,-9,311,331,311,311,202,206,302,317,-9,-9,325,325,-9,-9,-9,-9,178,178
Ccaffra3p7C,Cossypha caffra caffra,SouthAfrica_NorthernCape,South Africa,"Northern Cape, Ghaap Plateau",GAV-3811,-29.06666667,23.41666667,MT003371,Wogan et al. 2020,-9,-9,386,390,349,353,344,348,95,127,283,287,307,363,202,202,317,332,-9,-9,321,321,-9,-9,-9,-9,178,182
Ccaffra3p8C,Cossypha caffra caffra,SouthAfrica_NorthernCape,South Africa,"Northern Cape, Kimberly, 10km NE",GAV3289,-28.63305556,24.79833333,MT003356,Wogan et al. 2020,316,320,390,390,317,349,336,336,131,135,287,315,311,319,238,238,312,312,-9,-9,321,321,-9,-9,-9,-9,174,178
Ccaffra3p7H,Cossypha caffra caffra,SouthAfrica_NorthernCape,South Africa,"Northern Cape, Kimberly, 90 km W",GAV3670,-28.41888889,24.07333333,MT003355,Wogan et al. 2020,320,320,362,362,349,349,348,444,127,127,311,311,315,315,250,250,312,312,-9,-9,321,321,-9,-9,94,94,178,206
Ccaffra3p8A,Cossypha caffra caffra,SouthAfrica_NorthernCape,South Africa,"Northern Cape, Kimberly, 90 km W",GAV3660,-28.41888889,24.07333333,MT003345,Wogan et al. 2020,304,316,354,394,341,377,340,340,?,127,291,291,311,315,202,206,312,322,-9,-9,321,321,-9,-9,98,98,178,178
Ccaffra3p8B,Cossypha caffra caffra,SouthAfrica_NorthernCape,South Africa,"Northern Cape, Kimberly, 90 km W",GAV3659,-28.41888889,24.07333333,MT003333,Wogan et al. 2020,304,316,378,378,321,357,340,344,123,123,288,291,311,319,202,202,302,312,-9,-9,321,321,-9,-9,-9,-9,178,178
Ccaffra4p11G,Cossypha caffra caffra,SouthAfrica_NorthernCape,South Africa,"Northern Cape, Kimberly, 90 km W",GAV3660,-28.41888889,24.07333333,MT003398,Wogan et al. 2020,304,316,370,394,341,377,340,340,127,127,291,291,-9,-9,202,206,-9,-9,-9,-9,321,321,-9,-9,98,98,178,178
Ccaffra2p5F,Cossypha caffra caffra,SouthAfrica_NorthernCape,South Africa,"Northern Cape, Kuruman site 2",JF-2391,-27.4853,23.4431,MT003394,Wogan et al. 2020,316,336,378,390,349,349,348,444,91,131,287,311,303,311,202,202,312,337,202,202,321,321,256,264,94,110,170,178
Ccaffra2p5G,Cossypha caffra caffra,SouthAfrica_NorthernCape,South Africa,"Northern Cape, Kuruman, Camping in Town",JF-2371,-27.465,27.4358,MT003464,Wogan et al. 2020,316,344,382,382,329,349,340,344,123,127,287,287,303,315,226,238,337,337,226,238,321,325,264,268,94,94,178,182
Ccaffra4p6E,Cossypha caffra caffra,SouthAfrica_NorthernCape,South Africa,"Northern Cape, Lilydale Lodge, 12.8 km due W confluence Reit and Madder Rivers",FMNH_453171,-29.0381,24.5033,MT003342,Wogan et al. 2020,316,316,386,386,353,353,336,340,115,139,295,315,307,311,190,242,352,362,146,146,321,321,-9,-9,-9,-9,174,178
Ccaffra4p6F,Cossypha caffra caffra,SouthAfrica_NorthernCape,South Africa,"Northern Cape, Lilydale Lodge, 12.8 km due W confluence Reit and Madder Rivers",FMNH_453170,-29.0381,24.5033,MT003357,Wogan et al. 2020,316,316,390,394,353,377,340,352,123,127,271,315,303,367,202,206,-9,-9,-9,-9,321,321,-9,-9,-9,-9,174,178
Ccaffra4p7A,Cossypha caffra caffra,SouthAfrica_NorthernCape,South Africa,"Northern Cape, Lilydale Lodge, 12.8 km due W confluence Reit and Madder Rivers",FMNH_453180,-29.0381,24.5033,MT003401,Wogan et al. 2020,308,324,378,386,305,317,340,432,123,123,283,287,315,315,202,202,-9,-9,-9,-9,321,325,272,272,-9,-9,174,174
Ccaffra4p5H,Cossypha caffra caffra,SouthAfrica_NorthernCape,South Africa,"Northern Cape, Nova Vita Farm, 25 km SW Merweville",FMNH_453174,-32.6406,21.1833,MT003399,Wogan et al. 2020,316,316,382,386,317,357,336,440,-9,-9,283,287,311,319,230,250,-9,-9,-9,-9,329,329,248,-9,82,106,174,194
Ccaffra4p6D,Cossypha caffra caffra,SouthAfrica_NorthernCape,South Africa,"Northern Cape, Nova Vita Farm, 25 km SW Merweville",FMNH_453173,-32.6406,21.1833,MT003367,Wogan et al. 2020,304,316,378,390,345,349,340,344,-9,-9,291,291,286,315,222,238,332,332,138,168,321,325,-9,-9,-9,NA,170,186
Ccaffra2p5H,Cossypha caffra caffra,SouthAfrica_NorthernCape,South Africa,"Northern Cape, Potfontein, Peter Fereira Farm ",JF-2230,-30.2042,24.11,MT003459,Wogan et al. 2020,316,320,378,378,341,357,344,344,91,115,295,295,303,307,190,190,312,312,190,190,321,321,268,268,98,98,174,186
Ccaffra2p6A,Cossypha caffra caffra,SouthAfrica_NorthernCape,South Africa,"Northern Cape, Potfontein, Peter Fereira Farm ",JF-2234,-30.2042,24.11,MT003523,Wogan et al. 2020,316,316,382,382,349,357,344,348,123,123,279,315,311,311,202,210,302,317,202,210,321,321,268,268,94,98,178,194
Ccaffra2p6B,Cossypha caffra caffra,SouthAfrica_NorthernCape,South Africa,"Northern Cape, Prieska Town",JF-2327,-29.654,22.7508,MT003435,Wogan et al. 2020,316,316,382,382,345,353,344,344,99,127,283,311,307,311,202,206,287,317,202,206,321,321,248,248,94,106,174,178
Ccaffra2p6C,Cossypha caffra caffra,SouthAfrica_NorthernCape,South Africa,"Northern Cape, Vondelingfontein, 40 kms south of Calvinia",JF-2463,-31.8092,19.8222,MT003525,Wogan et al. 2020,308,316,390,390,321,321,340,420,99,131,287,311,311,311,186,254,312,322,186,254,317,317,272,280,82,98,182,186
Ccaffra2p6D,Cossypha caffra caffra,SouthAfrica_NorthernCape,South Africa,"Northern Cape, Vondelingfontein, 40 kms south of Calvinia",JF-2483,-31.8092,19.8222,MT003507,Wogan et al. 2020,320,324,374,374,345,349,340,348,115,131,279,283,315,315,186,262,307,322,186,262,317,321,276,276,98,98,182,186
Ccaffra2p6E,Cossypha caffra caffra,SouthAfrica_NorthernCape,South Africa,"Northern Cape, Wolfhok Farm, Garies district",FA-90621,-30.3733,18.0992,MT003551,Wogan et al. 2020,316,320,386,386,329,349,340,396,131,135,279,283,315,315,246,250,312,312,246,250,317,321,272,272,94,98,174,182
Ccaffra2p6F,Cossypha caffra caffra,SouthAfrica_NorthernCape,South Africa,"Northern Cape, Wolfhok Farm, Garies district",FA-90622,-30.3733,18.0992,MT003514,Wogan et al. 2020,320,320,378,378,317,341,340,344,91,135,295,311,307,307,218,254,312,312,218,254,317,317,248,280,90,94,170,178
Ccaffra2p6G,Cossypha caffra caffra,SouthAfrica_NorthernCape,South Africa,"Northern Cape, Wolfhok Farm, Garies district",FA-90624,-30.3733,18.0992,MT003519,Wogan et al. 2020,316,320,378,378,349,361,336,396,95,99,287,291,311,315,210,246,312,312,210,246,321,321,268,268,94,94,174,194
Ccaffra2p6H,Cossypha caffra caffra,SouthAfrica_NorthernCape,South Africa,"Northern Cape, Wolfhok Farm, Garies district",FA-90626,-30.3733,18.0992,MT003380,Wogan et al. 2020,316,320,374,390,301,349,340,340,91,127,291,351,307,307,210,254,312,317,210,254,325,329,224,224,94,94,174,178
Ccaffra2p7A,Cossypha caffra caffra,SouthAfrica_NorthernCape,South Africa,"Northern Cape, Wolfhok Farm, Garies district",FA-90627,-30.3733,18.0992,MT003405,Wogan et al. 2020,320,320,390,390,345,361,396,428,95,95,287,295,307,315,242,254,322,322,242,254,321,321,268,268,90,94,190,194
Ccaffra2p7B,Cossypha caffra caffra,SouthAfrica_NorthernCape,South Africa,"Northern Cape, Wolfhok Farm, Garies district",FA-90645,-30.3733,18.0992,MT003320,Wogan et al. 2020,316,320,362,386,341,349,396,396,119,135,287,311,311,315,246,246,297,312,246,246,321,325,272,272,82,82,170,182
Ccaffra2p7C,Cossypha caffra caffra,SouthAfrica_NorthernCape,South Africa,"Northern Cape, Wolfhok Farm, Garies district",FA-90637,-30.3733,18.0992,MT003517,Wogan et al. 2020,324,324,382,398,325,349,336,344,127,127,279,291,311,315,214,270,317,317,-9,-9,321,321,272,272,94,94,178,190
Ccaffra2p7D,Cossypha caffra caffra,SouthAfrica_NorthernCape,South Africa,"Northern Cape, Wolfhok Farm, Garies district",FA-90649,-30.3733,18.0992,MT003515,Wogan et al. 2020,316,320,378,378,325,349,404,404,127,127,291,291,299,311,218,250,312,312,218,250,325,325,248,252,94,106,186,190
Ccaffra2p7E,Cossypha caffra caffra,SouthAfrica_NorthernCape,South Africa,"Northern Cape, Wolfhok Farm, Garies district",FA-90652,-30.3733,18.0992,MT003511,Wogan et al. 2020,312,316,390,390,313,313,336,336,99,99,279,291,311,315,222,258,312,312,-9,-9,325,325,248,248,94,94,190,194
Ccaffra3p2E,Cossypha caffra caffra,SouthAfrica_NorthernCape,South Africa,"Northern Cape, Wolfhok Farm, Garies district",FA-90636,-30.3733,18.0992,MT003536,Wogan et al. 2020,316,320,362,362,345,349,340,396,95,135,283,335,307,307,202,222,322,322,202,222,325,329,252,256,94,94,170,186
Ccaffra3p2F,Cossypha caffra caffra,SouthAfrica_NorthernCape,South Africa,"Northern Cape, Wolfhok Farm, Garies district",FA-90648 ,-30.3733,18.0992,MT003450,Wogan et al. 2020,316,336,394,394,341,353,336,340,99,127,291,291,311,315,210,222,312,312,210,222,321,325,272,272,98,98,182,194
Ccaffra3p4H,Cossypha caffra caffra,SouthAfrica_NorthernCape,South Africa,"Northern Cape, Wolfhok Farm, Garies district",5013,-30.3733,18.0992,MT003332,Wogan et al. 2020,316,316,378,378,329,481,336,344,91,95,287,291,311,311,246,254,312,317,246,254,325,325,268,272,98,98,170,178
Ccaffra3p5A,Cossypha caffra caffra,SouthAfrica_NorthernCape,South Africa,"Northern Cape, Wolfhok Farm, Garies district",5029,-30.3733,18.0992,MT003306,Wogan et al. 2020,316,320,362,362,333,349,336,404,91,99,291,311,307,311,250,254,312,317,250,254,321,325,268,272,94,94,178,182
Ccaffra2p7F,Cossypha caffra caffra,SouthAfrica_WesternCape,South Africa,"Western Cape, Agulhas National Park, Site 1",JF-1939,-34.7631,19.9269,MT003363,Wogan et al. 2020,316,320,378,378,317,329,336,340,91,131,283,287,286,315,186,226,307,317,186,226,321,329,272,272,82,98,170,194
Ccaffra2p7G,Cossypha caffra caffra,SouthAfrica_WesternCape,South Africa,"Western Cape, Agulhas National Park, Site 2",JF-1949,-34.7508,19.9764,MT003510,Wogan et al. 2020,316,320,394,394,337,337,340,340,99,135,283,287,319,319,222,266,317,337,222,266,325,325,244,244,94,98,174,190
Ccaffra2p7H,Cossypha caffra caffra,SouthAfrica_WesternCape,South Africa,"Western Cape, Agulhas National Park, Site 2",JF-1953,-34.7508,19.9764,MT003359,Wogan et al. 2020,316,328,398,402,321,329,420,444,127,139,283,287,307,323,222,226,317,317,222,226,321,325,280,280,94,98,178,178
Ccaffra2p8A,Cossypha caffra caffra,SouthAfrica_WesternCape,South Africa,"Western Cape, Agulhas National Park, Site 2",JF-1960,-34.7508,19.9764,na,Wogan et al. 2020,312,320,382,398,349,349,340,428,131,131,287,291,315,319,186,210,312,337,186,210,313,325,252,252,90,94,182,186
Ccaffra2p8B,Cossypha caffra caffra,SouthAfrica_WesternCape,South Africa,"Western Cape, Beaufort West Site 1",JF-2130,-32.4056,22.7628,MT003533,Wogan et al. 2020,304,316,410,410,317,317,340,340,91,99,283,319,303,315,246,246,317,322,246,246,325,325,280,280,98,98,174,186
Ccaffra2p8C,Cossypha caffra caffra,SouthAfrica_WesternCape,South Africa,"Western Cape, Beaufort West Site 1",JF-2135,-32.4056,22.7628,MT003541,Wogan et al. 2020,316,320,386,386,325,329,348,348,91,127,287,287,282,315,202,250,312,342,202,250,325,325,276,280,94,98,182,182
Ccaffra2p8D,Cossypha caffra caffra,SouthAfrica_WesternCape,South Africa,"Western Cape, Beaufort West Site 1",JF-2138,-32.4056,22.7628,MT003501,Wogan et al. 2020,320,320,378,378,349,361,340,432,95,111,287,303,311,311,238,266,307,322,-9,-9,325,329,264,272,94,102,170,182
Ccaffra2p8E,Cossypha caffra caffra,SouthAfrica_WesternCape,South Africa,"Western Cape, Beaufort West Site 1",JF-2139,-32.4056,22.7628,MT003495,Wogan et al. 2020,316,320,394,406,317,353,340,344,91,123,283,291,311,319,222,222,302,317,222,222,321,325,236,236,94,94,170,174
Ccaffra3p5C,Cossypha caffra caffra,SouthAfrica_WesternCape,South Africa,"Western Cape, Beaufort West Site 1",JF-2198,-32.4056,22.7628,MT003310,Wogan et al. 2020,316,316,398,398,349,353,336,348,91,131,283,291,290,323,258,262,312,322,262,262,317,317,240,260,106,106,174,190
Ccaffra2p8F,Cossypha caffra caffra,SouthAfrica_WesternCape,South Africa,"Western Cape, Beaufort West Site 2",JF-2187,-32.4056,22.5758,MT003508,Wogan et al. 2020,320,320,382,382,317,317,344,344,91,123,283,311,315,319,218,222,307,307,-9,-9,321,329,256,256,90,98,174,174
Ccaffra2p8G,Cossypha caffra caffra,SouthAfrica_WesternCape,South Africa,"Western Cape, Beaufort West Site 2",JF-2205,-32.4056,22.5758,MT003539,Wogan et al. 2020,316,320,382,390,321,349,348,352,91,91,287,287,319,319,206,246,312,332,206,246,325,325,260,260,98,98,174,190
Ccaffra2p8H,Cossypha caffra caffra,SouthAfrica_WesternCape,South Africa,"Western Cape, Beaufort West Site 2",JF-2157,-32.4056,22.5758,MT003457,Wogan et al. 2020,312,320,386,386,317,341,336,340,91,99,283,287,311,311,246,266,312,312,246,266,329,329,280,280,94,94,170,170
Ccaffra2p9A,Cossypha caffra caffra,SouthAfrica_WesternCape,South Africa,"Western Cape, Beaufort West Site 2",JF-2185,-32.4056,22.5758,MT003488,Wogan et al. 2020,304,316,390,410,317,317,340,408,123,135,287,291,286,311,246,258,312,322,246,258,321,321,260,276,106,106,170,174
Ccaffra2p9B,Cossypha caffra caffra,SouthAfrica_WesternCape,South Africa,"Western Cape, Bontebok NP",JF-1963,-34.0778,20.4539,MT003337,Wogan et al. 2020,316,336,382,382,349,349,340,340,119,139,291,299,311,311,226,250,312,312,186,186,321,321,248,248,90,98,182,186
Ccaffra2p9C,Cossypha caffra caffra,SouthAfrica_WesternCape,South Africa,"Western Cape, Bontebok NP",JF-1964,-34.0778,20.4539,MT003509,Wogan et al. 2020,316,320,378,394,345,353,340,432,115,131,291,299,303,315,186,258,307,322,246,254,325,325,256,264,94,98,174,186
Ccaffra2p9D,Cossypha caffra caffra,SouthAfrica_WesternCape,South Africa,"Western Cape, Bontebok NP",JF-1968,-34.0778,20.4539,MT003520,Wogan et al. 2020,324,324,398,398,325,353,340,344,99,99,283,291,311,311,246,254,292,292,254,290,321,321,264,264,94,98,186,186
Ccaffra2p9E,Cossypha caffra caffra,SouthAfrica_WesternCape,South Africa,"Western Cape, Bontebok NP",JF-1970,-34.0778,20.4539,MT003506,Wogan et al. 2020,316,320,382,402,345,345,340,344,99,127,279,287,315,315,202,262,312,312,202,262,325,325,280,280,90,106,170,174
Ccaffra2p9F,Cossypha caffra caffra,SouthAfrica_WesternCape,South Africa,"Western Cape, Bontebok NP",JF-1972,-34.0778,20.4539,MT003528,Wogan et al. 2020,324,324,362,362,353,357,340,344,131,135,283,311,315,323,186,246,302,322,186,246,309,325,272,272,94,94,186,198
Ccaffra2p9G,Cossypha caffra caffra,SouthAfrica_WesternCape,South Africa,"Western Cape, Bontebok NP",JF-1991,-34.0778,20.4539,MT003546,Wogan et al. 2020,316,320,394,394,341,353,348,348,91,99,283,347,311,311,222,242,292,302,222,242,313,325,248,264,82,82,178,186
Ccaffra2p9H,Cossypha caffra caffra,SouthAfrica_WesternCape,South Africa,"Western Cape, Bontebok NP",JF-1992,-34.0778,20.4539,MT003439,Wogan et al. 2020,316,320,398,402,341,345,340,428,127,127,287,299,311,311,202,266,317,322,202,266,321,321,252,252,98,102,174,186
Ccaffra2p10A,Cossypha caffra caffra,SouthAfrica_WesternCape,South Africa,"Western Cape, Bontebok NP",JF-2002,-34.0778,20.4539,MT003478,Wogan et al. 2020,312,312,398,398,337,361,336,344,99,127,291,299,315,315,246,266,317,327,246,266,325,325,272,280,94,110,174,174
Ccaffra2p10B,Cossypha caffra caffra,SouthAfrica_WesternCape,South Africa,"Western Cape, Bontebok NP",JF-2025,-34.0778,20.4539,MT003543,Wogan et al. 2020,316,320,374,386,317,345,348,348,91,135,287,299,315,323,222,250,307,312,222,250,325,325,260,260,94,98,186,194
Ccaffra2p10C,Cossypha caffra caffra,SouthAfrica_WesternCape,South Africa,"Western Cape, Bontebok NP",JF-2026,-34.0778,20.4539,MT003299,Wogan et al. 2020,316,316,390,390,349,357,344,424,115,139,287,287,286,286,202,206,292,312,202,206,317,325,260,260,90,114,174,186
Ccaffra2p10D,Cossypha caffra caffra,SouthAfrica_WesternCape,South Africa,"Western Cape, Bontebok NP",JF-2022,-34.0778,20.4539,MT003518,Wogan et al. 2020,316,320,386,386,353,353,344,356,99,99,283,287,315,315,218,250,312,312,218,250,325,325,248,272,94,98,186,194
Ccaffra2p10E,Cossypha caffra caffra,SouthAfrica_WesternCape,South Africa,"Western Cape, Bontebok NP",JF-2024,-34.0778,20.4539,MT003491,Wogan et al. 2020,320,320,390,390,317,337,340,344,91,99,291,315,311,311,190,254,317,317,190,254,317,321,252,252,94,106,174,186
Ccaffra3p5B,Cossypha caffra caffra,SouthAfrica_WesternCape,South Africa,"Western Cape, Bontebok NP",JF 1958 ,-34.0778,20.4539,na,Wogan et al. 2020,320,320,378,378,305,353,340,340,123,123,287,307,290,323,222,250,312,312,222,250,325,329,272,280,98,102,170,186
Ccaffra2p10F,Cossypha caffra caffra,SouthAfrica_WesternCape,South Africa,"Western Cape, close to Prince Albert",JF-2028,-33.19,22.1008,MT003498,Wogan et al. 2020,320,320,374,374,349,353,344,348,91,99,287,291,286,315,186,210,327,327,186,210,317,317,268,268,94,98,182,186
Ccaffra2p10G,Cossypha caffra caffra,SouthAfrica_WesternCape,South Africa,"Western Cape, close to Prince Albert",JF-2033,-33.19,22.1008,MT003489,Wogan et al. 2020,316,316,394,394,325,357,340,344,91,99,287,287,307,315,190,226,317,317,190,226,321,325,264,264,102,102,170,190
Ccaffra2p10H,Cossypha caffra caffra,SouthAfrica_WesternCape,South Africa,"Western Cape, close to Prince Albert",JF-2111,-33.19,22.1008,MT003377,Wogan et al. 2020,316,316,386,386,345,361,336,356,95,139,295,295,307,307,262,262,307,317,262,262,317,325,252,252,94,94,178,186
Ccaffra2p11A,Cossypha caffra caffra,SouthAfrica_WesternCape,South Africa,"Western Cape, close to Prince Albert",JF-2112,-33.19,22.1008,MT003456,Wogan et al. 2020,320,320,386,386,341,357,340,344,95,115,287,295,303,319,266,274,292,322,266,274,321,321,248,260,94,98,186,186
Ccaffra2p12A,Cossypha caffra caffra,SouthAfrica_WesternCape,South Africa,"Western Cape, Koeberg Nature Reserve",RSA-222,-33.68333333,18.45,MT003319,Wogan et al. 2020,324,324,398,402,341,349,340,340,99,111,287,295,315,315,222,258,312,317,222,258,321,321,276,276,82,82,174,186
Ccaffra3p2G,Cossypha caffra caffra,SouthAfrica_WesternCape,South Africa,"Western Cape, Koeberg Nature Reserve",FA-90608,-33.68333333,18.45,MT003361,Wogan et al. 2020,304,320,386,386,321,361,340,400,95,123,283,303,307,315,186,242,302,317,186,242,321,321,224,224,94,94,174,190
Ccaffra3p2C,Cossypha caffra caffra,SouthAfrica_WesternCape,South Africa,"Western Cape, Paarl Mountain & Bird Sanctuary",FA-88882,-33.69136111,18.97687222,MT003307,Wogan et al. 2020,316,336,398,398,345,345,336,424,91,127,287,311,311,311,246,258,312,327,246,258,317,325,256,256,94,102,174,186
Ccaffra3p2D,Cossypha caffra caffra,SouthAfrica_WesternCape,South Africa,"Western Cape, Paarl Mountain & Bird Sanctuary",FA-92504,-33.69136111,18.97687222,MT003374,Wogan et al. 2020,320,324,362,362,349,349,340,420,99,123,287,287,303,303,210,266,312,312,210,266,325,325,252,252,98,98,178,194
Ccaffra3p4G,Cossypha caffra caffra,SouthAfrica_WesternCape,South Africa,"Western Cape, Paarl Mountain & Bird Sanctuary",N/A,-33.69136111,18.97687222,MT003452,Wogan et al. 2020,320,320,382,382,313,341,336,344,99,127,283,291,307,315,186,206,312,312,186,206,313,321,280,280,98,98,174,190
Ccaffra2p11B,Cossypha caffra caffra,SouthAfrica_WesternCape,South Africa,"Western Cape, Rawsonville",JF-1925,-33.5,19.25,MT003381,Wogan et al. 2020,324,324,398,398,317,317,340,340,99,123,279,287,315,315,186,246,322,342,186,246,313,325,252,252,98,110,174,186
Ccaffra2p11F,Cossypha caffra iolaema,Malawi_MtMulanje,Malawi,Mt. Mulanje,RCKB-1273,-15.96307,35.61691,,This study,316,316,358,358,345,345,340,344,115,115,287,287,319,371,230,262,312,317,230,262,325,325,260,260,90,90,174,190
Ccaffra2p11G,Cossypha caffra iolaema,Malawi_MtMulanje,Malawi,Mt. Mulanje,MLW-B67,-15.96307,35.61691,,This study,316,316,358,358,337,345,340,340,115,131,283,291,311,319,222,246,312,317,222,246,325,325,244,252,-9,-9,174,190
Ccaffra4p4E,Cossypha caffra iolaema,Malawi_MtMulanje,Malawi,"Mulanje, Likhubula Forestry Camp, Mt. Mulange",FMNH_447517,-15.942,35.2019,,This study,288,292,358,394,321,333,344,352,111,119,287,291,311,311,234,270,317,317,138,164,329,329,244,260,-9,-9,190,194
Ccaffra4p4F,Cossypha caffra iolaema,Malawi_MtMulanje,Malawi,"Mulanje, CCAP Hut, Mt. Mulanje",FMNH_447518,-15.6392,35.5342,,This study,312,316,358,358,345,349,340,344,107,115,283,287,315,319,226,266,317,317,164,182,325,325,252,252,-9,-9,174,190
Ccaffra4p4G,Cossypha caffra iolaema,Malawi_MtMulanje,Malawi,"Mulanje, CCAP Hut, Mt. Mulanje",FMNH_447519,-15.6392,35.5342,,This study,316,316,358,358,329,345,340,348,107,131,283,295,311,315,230,246,352,352,-9,-9,321,341,244,252,94,94,166,174
Ccaffra4p4H,Cossypha caffra iolaema,Malawi_MtMulanje,Malawi,"Mulanje, CCAP Hut, Mt. Mulanje",FMNH_447520,-15.6392,35.5342,,This study,320,320,358,358,349,349,336,348,119,127,283,291,319,343,234,262,307,317,-9,-9,321,321,252,284,-9,-9,186,190
Ccaffra4p5A,Cossypha caffra iolaema,Malawi_MtMulanje,Malawi,"Mulanje, CCAP Hut, Mt. Mulanje",FMNH_447521,-15.6392,35.5342,,This study,316,316,358,358,325,325,340,344,107,115,287,287,311,315,250,270,312,317,138,164,321,321,252,252,-9,-9,190,190
Ccaffra4p5B,Cossypha caffra iolaema,Malawi_MtMulanje,Malawi,"Mulanje, CCAP Hut, Mt. Mulanje",FMNH_447522,-15.6392,35.5342,,This study,312,312,358,358,345,349,348,348,123,131,287,287,319,327,246,246,307,317,156,168,329,329,252,252,-9,-9,166,194
Ccaffra4p5C,Cossypha caffra iolaema,Malawi_MtMulanje,Malawi,"Mulanje, CCAP Hut, Mt. Mulanje",FMNH_447523,-15.6392,35.5342,,This study,316,316,358,358,349,349,340,340,115,131,279,279,315,339,258,270,312,312,138,138,333,333,244,252,90,90,174,190
Ccaffra4p5D,Cossypha caffra iolaema,Malawi_MtMulanje,Malawi,"Mulanje, CCAP Hut, Mt. Mulanje",FMNH_447524,-15.6392,35.5342,,This study,284,284,358,358,333,345,348,348,107,115,283,283,319,351,266,274,312,312,138,164,321,325,252,252,90,90,190,190
Ccaffra4p5E,Cossypha caffra iolaema,Malawi_MtMulanje,Malawi,"Mulanje, CCAP Hut, Mt. Mulanje",FMNH_447526,-15.6392,35.5342,,This study,320,324,358,358,345,349,340,348,107,119,283,287,347,367,226,234,317,317,146,146,325,325,252,252,90,90,174,190
Ccaffra4p5F,Cossypha caffra iolaema,Malawi_MtMulanje,Malawi,"Mulanje, CCAP Hut, Mt. Mulanje",FMNH_447525,-15.6392,35.5342,,This study,312,316,358,358,325,325,336,340,107,115,279,279,315,319,230,266,312,312,156,168,329,333,256,256,90,90,174,190
Ccaffra4p5G,Cossypha caffra iolaema,Malawi_MtMulanje,Malawi,"Mulanje, CCAP Hut, Mt. Mulanje",FMNH_447527,-15.6392,35.5342,,This study,316,324,358,358,337,345,348,384,107,127,283,287,311,315,230,266,317,317,156,218,325,325,252,252,90,90,174,190
Ccaffra4p8F,Cossypha caffra iolaema,Malawi_Nyika,Malawi,"Rumphi, Nyika Plateau ",FMNH_468089,-10.7167,33.6667,,This study,-9,-9,-9,-9,-9,-9,336,352,-9,-9,299,299,307,319,206,234,-9,-9,-9,-9,-9,-9,-9,-9,-9,-9,170,174
Ccaffra4p11F,Cossypha caffra iolaema,Malawi_Nyika,Malawi,"Rumphi, Chilinda Camp, Dam 2, Nyika National Park",FMNH_440616,-10.5833,33.8,,This study,316,316,386,390,345,349,344,348,115,115,283,287,311,347,254,258,317,317,-9,-9,321,321,244,252,-9,-9,186,194
Ccaffra4p1G,Cossypha caffra iolaema,Malawi_Nyika,Malawi,"Rumphi, Chilinda Camp, Nyika National Park",FMNH_440601 or2,-10.5769,33.8083,,This study,316,316,358,386,349,349,340,348,135,139,279,291,307,311,190,266,312,317,156,160,321,325,252,272,94,94,174,198
Ccaffra4p1H,Cossypha caffra iolaema,Malawi_Nyika,Malawi,"Rumphi, Runyina Bridge, 18 km N Thazima, Nyika National Park",FMNH_440615,-10.7167,33.6667,,This study,308,320,386,386,317,329,336,340,111,131,279,291,311,315,222,266,312,317,-9,-9,329,329,252,252,-9,-9,186,190
Ccaffra4p2A,Cossypha caffra iolaema,Malawi_Nyika,Malawi,"Chitipa, Lake Kaulime, Nyika National Park",FMNH_440604,-10.5814,37.7592,,This study,316,316,386,386,345,349,336,336,115,123,283,287,343,391,202,262,302,312,156,160,325,325,252,252,NA,NA,182,190
Ccaffra4p2B,Cossypha caffra iolaema,Malawi_Nyika,Malawi,"Rumphi, Runyina Bridge, 18 km N Thazima, Nyika National Park",FMNH_440613,-10.7167,33.6667,,This study,316,316,386,394,317,321,340,356,115,119,275,291,319,319,222,262,372,377,146,146,325,325,248,252,94,94,174,174
Ccaffra4p2D,Cossypha caffra iolaema,Malawi_Nyika,Malawi,"Rumphi, Chilinda Camp, Nyika National Park",FMNH_440601 or 2,-10.5769,33.8083,,This study,316,316,386,386,345,349,340,348,115,119,283,287,363,371,190,250,-9,-9,160,164,325,325,252,252,90,90,186,186
Ccaffra4p2E,Cossypha caffra iolaema,Malawi_Nyika,Malawi,"Chitipa, Lake Kaulime, Nyika National Park",FMNH_440610,-10.5814,37.7592,,This study,292,292,378,386,321,353,348,356,119,123,291,291,319,347,250,254,302,312,146,146,325,325,252,252,90,98,174,174
Ccaffra4p2F,Cossypha caffra iolaema,Malawi_Nyika,Malawi,"Rumphi, Chilinda Camp, Dam 2, Nyika National Park",FMNH_440607,-10.5833,33.8,,This study,312,312,358,378,329,345,344,344,119,131,283,287,307,375,-9,-9,357,362,164,164,321,325,252,252,-9,-9,174,174
Ccaffra4p2G,Cossypha caffra iolaema,Malawi_Nyika,Malawi,"Chitipa, Zovo Chipolo Forest and Chisanga Forest, between, Nyika National",FMNH_440618,-10.5667,33.7,,This study,308,324,358,358,317,349,336,348,115,115,291,291,319,371,262,266,317,322,168,168,325,325,252,252,94,94,186,198
Ccaffra4p2H,Cossypha caffra iolaema,Malawi_Nyika,Malawi,"Rumphi, Chilinda Camp, Nyika National Park",FMNH_440603,-10.5769,33.8083,,This study,308,324,358,386,329,349,336,344,119,131,283,287,319,343,218,250,317,322,138,200,325,329,248,252,-9,-9,186,194
Ccaffra4p3A,Cossypha caffra iolaema,Malawi_Nyika,Malawi,"Rumphi, Chilinda Camp, Nyika National Park",FMNH_440620,-10.5769,33.8083,,This study,280,280,386,386,341,345,348,428,111,115,279,279,335,363,222,250,302,312,146,146,325,325,252,252,90,90,182,198
Ccaffra4p3B,Cossypha caffra iolaema,Malawi_Nyika,Malawi,"Rumphi, Chilinda Camp, Dam 2, Nyika National Park",FMNH_440617,-10.5833,33.8,,This study,316,320,358,382,317,349,344,352,107,119,279,287,319,343,198,262,367,367,172,172,325,325,248,252,-9,-9,174,186
Ccaffra4p3C,Cossypha caffra iolaema,Malawi_Nyika,Malawi,"Rumphi, Runyina Bridge, 18 km N Thazima, Nyika National Park",FMNH_440606,-10.7167,33.6667,,This study,304,304,358,382,321,345,324,344,115,119,279,279,319,343,226,250,312,312,146,152,325,325,252,252,90,90,174,198
Ccaffra4p3D,Cossypha caffra iolaema,Malawi_Nyika,Malawi,"Rumphi, Chilinda Camp, Dam 2, Nyika National Park",FMNH_440608,-10.5833,33.8,,This study,316,316,358,358,349,349,336,348,111,115,283,287,315,375,218,234,367,372,156,164,325,325,252,252,-9,-9,186,190
Ccaffra4p3E,Cossypha caffra iolaema,Malawi_Nyika,Malawi,"Rumphi, Chilinda Camp, Nyika National Park",FMNH_440609,-10.5769,33.8083,,This study,308,308,358,358,329,349,336,340,115,115,283,287,319,391,198,254,312,317,138,160,325,325,252,252,-9,-9,194,198
Ccaffra4p3F,Cossypha caffra iolaema,Malawi_Nyika,Malawi,"Chitipa, Zovo Chipolo Swamp, Nyika National Park",FMNH_440611,-10.5667,33.7,,This study,316,316,374,374,329,349,348,352,111,111,279,287,311,319,246,250,367,367,146,152,325,325,244,252,-9,-9,174,186
Ccaffra4p3G,Cossypha caffra iolaema,Malawi_Nyika,Malawi,"Rumphi, Runyina Bridge, 18 km N Thazima, Nyika National Park",FMNH_440612,-10.7167,33.6667,,This study,316,316,358,386,321,341,348,356,115,123,279,283,363,367,258,258,367,367,138,156,325,325,252,252,90,90,186,194
Ccaffra4p3H,Cossypha caffra iolaema,Malawi_Nyika,Malawi,"Rumphi, Runyina Bridge, 18 km N Thazima, Nyika National Park",FMNH_440605,-10.7167,33.6667,,This study,320,320,386,386,317,337,336,340,111,115,283,283,311,343,206,250,312,362,156,156,333,333,248,272,-9,-9,174,186
Ccaffra4p4A,Cossypha caffra iolaema,Malawi_Nyika,Malawi,"Chitipa, Zovo Chipolo Swamp, Nyika National Park",FMNH_440614,-10.5667,33.7,,This study,320,320,358,386,337,345,340,348,119,135,279,287,319,331,202,258,307,307,-9,-9,321,321,252,252,-9,-9,174,186
Ccaffra4p4B,Cossypha caffra iolaema,Malawi_Nyika,Malawi,"Chitipa, Zovo Chipolo Swamp, Nyika National Park",FMNH_440619,-10.5667,33.7,,This study,304,304,358,358,329,337,348,352,115,131,283,291,331,331,206,266,312,312,-9,-9,325,325,252,252,90,94,174,198
Ccaffra4p7G,Cossypha caffra iolaema,Malawi_Nyika,Malawi,"Rumphi, Nyika Plateau ",FMNH_468094,-10.7167,33.6667,,This study,316,316,358,358,329,345,352,352,119,119,279,283,319,319,254,262,307,312,218,218,325,325,252,252,-9,-9,174,186
Ccaffra4p7H,Cossypha caffra iolaema,Malawi_Nyika,Malawi,"Rumphi, Nyika Plateau ",FMNH_468096,-10.7167,33.6667,,This study,320,320,358,386,337,337,336,356,107,115,283,295,343,375,266,266,307,322,218,218,321,321,248,252,-9,-9,174,186
Ccaffra4p8A,Cossypha caffra iolaema,Malawi_Nyika,Malawi,"Rumphi, Nyika Plateau ",FMNH_469093,-10.7167,33.6667,,This study,316,316,358,386,329,349,336,348,115,139,279,291,311,311,206,266,307,317,181,118,325,325,248,252,-9,-9,174,198
Ccaffra4p8B,Cossypha caffra iolaema,Malawi_Nyika,Malawi,"Rumphi, Nyika Plateau ",FMNH_468092,-10.7167,33.6667,,This study,280,288,386,386,317,349,336,344,115,123,279,287,319,375,206,250,307,312,118,118,329,329,252,252,-9,-9,186,198
Ccaffra4p8C,Cossypha caffra iolaema,Malawi_Nyika,Malawi,"Rumphi, Nyika Plateau ",FMNH_468095,-10.7167,33.6667,,This study,316,316,358,386,345,349,336,344,115,131,279,287,307,315,198,230,-9,-9,118,118,325,325,248,252,94,94,186,190
Ccaffra4p8D,Cossypha caffra iolaema,Malawi_Nyika,Malawi,"Rumphi, Nyika Plateau ",FMNH_468088,-10.7167,33.6667,,This study,288,292,358,358,329,341,340,352,107,115,287,291,319,319,250,254,307,307,-9,-9,325,333,252,252,90,94,174,198
Ccaffra4p8E,Cossypha caffra iolaema,Malawi_Nyika,Malawi,"Rumphi, Nyika Plateau ",FMNH_468087,-10.7167,33.6667,,This study,316,316,358,390,349,353,344,424,119,135,283,287,311,343,246,266,312,312,-9,-9,325,325,252,252,90,90,198,198
Ccaffra4p8G,Cossypha caffra iolaema,Malawi_Nyika,Malawi,"Rumphi, Nyika Plateau ",FMNH_468085,-10.7167,33.6667,,This study,320,324,358,358,317,345,348,352,107,119,279,287,319,331,250,262,307,312,-9,-9,325,325,248,252,-9,-9,174,174
Ccaffra4p8H,Cossypha caffra iolaema,Malawi_Nyika,Malawi,"Rumphi, Nyika Plateau ",FMNH_468086,-10.7167,33.6667,,This study,312,312,382,382,329,349,336,336,115,127,287,287,311,343,230,262,302,307,-9,-9,325,325,252,252,-9,-9,186,190
Ccaffra4p9A,Cossypha caffra iolaema,Malawi_Nyika,Malawi,"Rumphi, Nyika Plateau ",FMNH_468091,-10.7167,33.6667,,This study,308,308,358,358,337,349,348,356,107,115,283,283,367,403,226,254,302,317,-9,-9,325,325,252,252,90,90,186,198
Ccaffra4p9B,Cossypha caffra iolaema,Malawi_Nyika,Malawi,"Rumphi, Nyika Plateau ",FMNH_468090,-10.7167,33.6667,,This study,308,308,382,382,321,329,344,352,119,119,283,291,307,331,250,254,302,317,-9,-9,325,325,252,252,114,114,198,198
Ccaffra4p9D,Cossypha caffra iolaema,Malawi_Nyika,Malawi,"Chitipa, Nyika Plateau",FMNH_452719,-10.5667,33.7,,This study,324,324,358,358,321,329,336,352,107,111,283,291,319,319,190,266,312,312,-9,-9,325,325,252,252,-9,-9,186,198
Ccaffra4p9E,Cossypha caffra iolaema,Malawi_Nyika,Malawi,"Chitipa, Nyika Plateau",FMNH_452718,-10.5667,33.7,,This study,316,324,386,386,337,345,336,340,115,119,279,283,311,311,202,226,307,317,-9,-9,321,325,244,252,94,94,174,198
Ccaffra4p9F,Cossypha caffra iolaema,Malawi_Nyika,Malawi,"Chitipa, Nyika Plateau",FMNH_452721,-10.5667,33.7,,This study,312,324,386,386,333,345,336,344,119,119,283,283,363,371,250,250,307,312,-9,-9,333,333,252,252,-9,-9,186,186
Ccaffra4p9G,Cossypha caffra iolaema,Malawi_Nyika,Malawi,"Chitipa, Nyika Plateau",FMNH_452720,-10.5667,33.7,,This study,284,288,386,386,345,349,360,420,119,123,283,287,311,359,198,198,317,322,-9,-9,325,329,252,252,-9,-9,186,194
Ccaffra4p7C,Cossypha caffra kivuensis,DRC_Kivu,Democratic Republic Congo,"South Kivu, ca 12 km NW Lemera, near Kigarama",FMNH_481183,-2.9667,28.8833,,This study,316,316,366,406,349,361,344,348,103,115,291,295,371,391,230,258,297,307,-9,-9,329,329,248,248,90,98,178,186
Ccaffra4p7E,Cossypha caffra kivuensis,DRC_Kivu,Democratic Republic Congo,"South Kivu, ca 12 km NW Lemera, near Kigarama",FMNH_481182,-2.9667,28.8833,,This study,288,292,398,410,337,345,344,344,99,111,287,291,375,383,254,258,307,312,-9,-9,317,321,252,252,90,90,174,186
Ccaffra4p7F,Cossypha caffra kivuensis,DRC_Kivu,Democratic Republic Congo,"South Kivu, ca 12 km NW Lemera, near Kigarama",FMNH_481181,-2.9667,28.8833,,This study,312,312,398,402,345,361,336,348,99,115,279,295,371,375,230,262,297,317,-9,-9,321,321,-9,-9,90,94,174,178
Ccaffra3p8H,Cossypha caffra namaquensis,Namibia_namaq,Namibia,"Karas, Sandfontein near Orange River",B28954,-28.8625,18.55222222,,This study,312,312,374,378,349,353,348,352,127,127,283,311,311,311,202,206,302,312,-9,-9,321,325,-9,-9,-9,-9,174,178
Ccaffra3p8D,Cossypha caffra namaquensis,Namibia_namaq,Namibia,"Karas, Sandfontein near Orange River",B28970,-28.8625,18.55222222,,This study,312,312,378,378,349,353,340,340,131,139,271,331,303,311,206,210,312,312,-9,-9,321,321,-9,-9,-9,-9,174,178
Ccaffra3p8E,Cossypha caffra namaquensis,Namibia_namaq,Namibia,"Karas, Sandfontein near Orange River",B28955,-28.8625,18.55222222,,This study,312,316,390,390,325,325,340,340,115,127,287,319,311,311,206,210,287,332,-9,-9,321,325,-9,-9,-9,-9,178,178
Ccaffra3p8F,Cossypha caffra namaquensis,Namibia_namaq,Namibia,"Karas, Sandfontein near Orange River",B28933,-28.8625,18.55222222,,This study,312,316,386,386,317,325,340,348,-9,-9,319,331,311,311,210,246,312,317,-9,-9,321,321,-9,-9,-9,-9,178,178
Ccaffra3p8G,Cossypha caffra namaquensis,Namibia_namaq,Namibia,"Karas, Sandfontein near Orange River",B28932,-28.8625,18.55222222,,This study,312,320,382,382,321,353,340,340,115,115,287,311,311,311,198,198,312,317,-9,-9,325,329,-9,-9,-9,-9,174,178
Ccaffra3p9A,Cossypha caffra namaquensis,Namibia_namaq,Namibia,"Karas, Sandfontein near Orange River",B29129,-28.8625,18.55222222,,This study,312,312,374,378,349,353,348,352,127,127,283,311,311,311,202,206,302,312,-9,-9,321,325,-9,-9,-9,-9,174,178
Ccaffra3p9B,Cossypha caffra namaquensis,Namibia_namaq,Namibia,"Karas, Sandfontein near Orange River",B28971,-28.8625,18.55222222,,This study,316,320,378,378,325,357,340,340,123,123,295,311,303,307,206,210,312,317,-9,-9,325,325,-9,-9,-9,-9,174,178
Ccaffra4p4D,Cossypha caffra namaquensis,SouthAfrica_namaq,South Africa,"Free State, Gilead Farm, 11.2 km NNE Lindley",FMNH_453177,-27.7839,27.9453,,This study,320,320,390,390,287,287,344,344,91,91,291,303,315,315,202,242,312,332,-9,-9,317,317,264,276,90,90,186,190
Ccaffra4p6A,Cossypha caffra namaquensis,SouthAfrica_namaq,South Africa,"Free State, Gilead Farm, 11.2 km NNE Lindley",FMNH_453176,-27.7839,27.9453,,This study,344,344,378,390,325,325,340,440,91,91,291,295,311,311,234,262,307,327,138,156,321,325,252,252,94,94,174,174
Ccaffra4p6B,Cossypha caffra namaquensis,SouthAfrica_namaq,South Africa,"Free State, Gilead Farm, 11.2 km NNE Lindley",FMNH_453175,-27.7839,27.9453,,This study,320,336,394,394,329,377,400,412,123,123,283,287,286,323,218,242,312,312,156,168,325,325,276,276,94,98,186,190
Ccaffra4p6C,Cossypha caffra namaquensis,SouthAfrica_namaq,South Africa,"Free State, Grootkraal Farm, 9.1 km NNW Lindley",FMNH_453181,-27.8081,27.895,,This study,316,316,374,374,345,361,340,344,123,123,283,287,286,303,242,254,292,302,-9,-9,325,325,240,272,94,94,178,198
Ccaffra4p6G,Cossypha caffra namaquensis,SouthAfrica_namaq,South Africa,"Free State, Grootkraal Farm, 9.1 km NNW Lindley",FMNH_453182,-27.8081,27.895,,This study,312,324,394,394,337,361,340,396,127,127,283,291,286,359,226,258,-9,-9,160,160,329,329,-9,-9,-9,-9,174,178
Ccaffra4p6H,Cossypha caffra namaquensis,SouthAfrica_namaq,South Africa,"Free State, Gilead Farm, 11.2 km NNE Lindley",FMNH_453178,-27.7839,27.9453,,This study,312,312,370,398,329,349,312,340,91,91,283,291,315,371,210,230,312,317,-9,-9,325,325,224,224,90,98,170,178
Ccaffra4p7B,Cossypha caffra namaquensis,SouthAfrica_namaq,South Africa,"Northern Cape, Lilydale Lodge, 12.8 km due W confluence Reit and Madder Rivers",FMNH_453183,-29.0381,24.5033,,This study,312,336,386,386,349,353,340,352,-9,-9,283,287,315,319,202,290,307,312,-9,-9,321,325,-9,-9,-9,-9,178,178
Ccaffra4p9H,Cossypha caffra namaquensis,SouthAfrica_namaq,South Africa,"Free State, Susalou Farm, 15.1 km SW Ladybrand",FMNH_453179,-29.2875,27.3619,,This study,312,320,386,386,357,365,344,348,91,91,287,287,311,315,190,262,307,317,-9,-9,325,325,-9,268,98,98,170,174